Scholarship Name,Scholarship Type ,Provider Name,Provider Type,Education Level,Category,Applicable States,Scholarship Amount (approx),Type of Support ,Last Date (if available),Application URL,Official Source URL
Central Sector Scheme of Scholarships for College & University Students,Welfare ,Ministry of Education,Central,UG / PG,General,All India,Not specified,,Not specified,https://scholarships.gov.in,https://scholarships.gov.in
National Fellowship & Scholarship for Higher Education of ST Students,Welfare ,Ministry of Tribal Affairs,Central,PG / Research,ST,All India,Not specified,,Not specified,https://scholarships.gov.in,https://scholarships.gov.in
National Scholarship for Post Graduate Studies,Welfare ,University Grants Commission (UGC),Central,PG,General,All India,Not specified,,Not specified,https://scholarships.gov.in,https://scholarships.gov.in
Ishan Uday Special Scholarship Scheme,Welfare ,UGC,Central,UG / PG,General,North Eastern States,Not specified,,Not specified,https://scholarships.gov.in,https://scholarships.gov.in
NEC Merit Scholarship,Welfare ,North Eastern Council,Central,UG / PG,General,North Eastern States,Not specified,,Not specified,https://scholarships.gov.in,https://scholarships.gov.in
AICTE Pragati Scholarship (Girls),Welfare ,AICTE,Central,Diploma / Degree,General (Girls),All India,Not specified,,Not specified,https://scholarships.gov.in,https://scholarships.gov.in
AICTE Saksham Scholarship,Welfare ,AICTE,Central,Diploma / Degree,Disability,All India,Not specified,,Not specified,https://scholarships.gov.in,https://scholarships.gov.in
AICTE Swanath Scholarship,Welfare ,AICTE,Central,Diploma / Degree,General,All India,Not specified,,Not specified,https://scholarships.gov.in,https://scholarships.gov.in
Pre-Matric Scholarship for Students with Disabilities,Welfare ,Dept. of Empowerment of PwD,Central,School,Disability,All India,Not specified,,Not specified,https://scholarships.gov.in,https://scholarships.gov.in
Post-Matric Scholarship for Students with Disabilities,Welfare ,Dept. of Empowerment of PwD,Central,Post-Matric,Disability,All India,Not specified,,Not specified,https://scholarships.gov.in,https://scholarships.gov.in
Scholarship for Top Class Education for Students with Disabilities,Welfare ,Dept. of Empowerment of PwD,Central,Higher Education,Disability,All India,Not specified,,Not specified,https://scholarships.gov.in,https://scholarships.gov.in
National Means-cum-Merit Scholarship,Welfare ,Dept. of School Education & Literacy,Central,Class 9–12,General / EWS,All India,Not specified,,Not specified,https://scholarships.gov.in,https://scholarships.gov.in
PM Scholarship Scheme (CAPFs & Assam Rifles),Welfare ,Ministry of Home Affairs,Central,UG / Professional,Special Category,All India,"₹2,500–₹3,000 per month",,Not specified,https://scholarships.gov.in,https://scholarships.gov.in
PM Scholarship Scheme (Railways),Welfare ,Ministry of Railways,Central,UG / Professional,Special Category,All India,"₹2,500–₹3,000 per month",,Not specified,https://scholarships.gov.in,https://scholarships.gov.in
Sanchi Honnamma Scholarship,Welfare ,"Directorate of Collegiate Education, Karnataka",State,UG,Girls,Karnataka,"₹2,000 per year",,Not specified,Not specified,https://dce.karnataka.gov.in
Pre-Matric & Post-Matric Scholarships (SSP),Welfare ,Government of Karnataka,State,School / College,SC / ST / OBC / Minority / EWS,Karnataka,Not specified,,Not specified,https://ssp.postmatric.karnataka.gov.in,https://ssp.postmatric.karnataka.gov.in
e-Medhabruti Scholarship (UG),Welfare ,Government of Odisha,State,UG,General,Odisha,"₹10,000 per year",,Not specified,https://scholarship.odisha.gov.in,https://scholarship.odisha.gov.in
e-Medhabruti Scholarship (PG),Welfare ,Government of Odisha,State,PG,General,Odisha,"₹15,000 per year",,Not specified,https://scholarship.odisha.gov.in,https://scholarship.odisha.gov.in
e-Medhabruti (Technical / Professional),Welfare ,Government of Odisha,State,Professional,General,Odisha,"₹20,000 per year",,Not specified,https://scholarship.odisha.gov.in,https://scholarship.odisha.gov.in
Junior Merit Scholarship,Welfare ,Government of Odisha,State,Class 11–12,General,Odisha,"₹3,000 per year",,Not specified,https://scholarship.odisha.gov.in,https://scholarship.odisha.gov.in
Pre-Matric Scholarship,Welfare ,Government of Odisha,State,School,SC / ST / OBC / EBC,Odisha,"₹3,000–₹7,000",,Not specified,https://scholarship.odisha.gov.in,https://scholarship.odisha.gov.in
Post-Matric Scholarship,Welfare ,Government of Odisha,State,Post-Matric,SC / ST / OBC / EBC,Odisha,Variable,,Not specified,https://scholarship.odisha.gov.in,https://scholarship.odisha.gov.in
Banishree Scholarship,Welfare ,Government of Odisha,State,All Levels,Disability,Odisha,₹100–₹250 per month,,Not specified,https://scholarship.odisha.gov.in,https://scholarship.odisha.gov.in
Pre & Post-Matric Scholarship (SC/OBC),Welfare ,"Dept. of Welfare SC/ST/OBC, Delhi",State,Pre & Post-Matric,SC / OBC,Delhi,Not specified,,Not specified,https://edistrict.delhigovt.nic.in,https://scstwelfare.delhi.gov.in
Swami Vivekananda Merit-cum-Means Scholarship,Welfare ,Govt. of West Bengal,State,UG / PG,General,West Bengal,Not specified,,Not specified,https://svmcm.wbhed.gov.in,https://svmcm.wbhed.gov.in
Nabanna Scholarship,Welfare ,WBCHSE,State,Higher Education,General,West Bengal,Not specified,,Not specified,https://wbchse.wb.gov.in,https://wbchse.wb.gov.in
State Merit Scholarship,Welfare ,Government of Nagaland,State,All Levels,General,Nagaland,Not specified,,Not specified,https://scholarship.nagaland.gov.in,https://highereducation.nagaland.gov.in
State Research Scholarship,Welfare ,Government of Nagaland,State,Research,General,Nagaland,Not specified,,Not specified,https://scholarship.nagaland.gov.in,https://highereducation.nagaland.gov.in
SSP Pre-Matric Scholarship (State Scholarship Portal),Welfare ,Government of Karnataka,State,School (Class 1–10),SC / ST / OBC / Minority / EWS and others,Karnataka,Not specified,,"Varies by dept — e.g., 31 Mar 2026 / 15 Jan 2026 / 31 Dec 2025 (see portal notifications)",https://ssp.karnataka.gov.in,https://ssp.karnataka.gov.in ssp.karnataka.gov.in
SSP Post-Matric Scholarship (State Scholarship Portal),Welfare ,Government of Karnataka,State,Post-Matric (Class 11/PUC/UG/PG/Professional),SC / ST / OBC / Minority / EWS and others,Karnataka,Not specified,,"Varies by dept — e.g., 20 Dec 2025 / 31 Dec 2025 / 28 Feb 2026 (see portal notifications)",https://ssp.postmatric.karnataka.gov.in,https://ssp.karnataka.gov.in sspscholarshipkarnataka.in
National Scholarship for Post Graduate Studies,Welfare ,UGC,Central,PG,General,All India,Not specified,,Not specified,https://scholarships.gov.in,https://scholarships.gov.in
PM Scholarship Scheme (CAPFs & Assam Rifles),Welfare ,Ministry of Home Affairs,Central,UG / Professional,Special Category,All India,"₹2,500–₹3,000/mo",,Not specified,https://scholarships.gov.in,https://scholarships.gov.in
PM Scholarship Scheme (Railways),Welfare ,Ministry of Railways,Central,UG / Professional,Special Category,All India,"₹2,500–₹3,000/mo",,Not specified,https://scholarships.gov.in,https://scholarships.gov.in
Pre-Matric & Post-Matric Scholarships (SSP),Welfare ,Government of Karnataka,State,School / College,SC / ST / OBC / Minority / EWS,Karnataka,Not specified,,Not specified,https://ssp.karnataka.gov.in / https://ssp.postmatric.karnataka.gov.in,https://ssp.karnataka.gov.in (ssp.karnataka.gov.in)
SSP Pre-Matric Scholarship (State Scholarship Portal),Welfare ,Government of Karnataka,State,School (Class 1–10),SC / ST / OBC / Minority / EWS and others,Karnataka,Not specified,,Varies by department,https://ssp.karnataka.gov.in,https://ssp.karnataka.gov.in (ssp.karnataka.gov.in)
SSP Post-Matric Scholarship (State Scholarship Portal),Welfare ,Government of Karnataka,State,Post-Matric,SC / ST / OBC / Minority / EWS and others,Karnataka,Not specified,,Varies by department,https://ssp.postmatric.karnataka.gov.in,https://ssp.karnataka.gov.in (sspscholarshipkarnataka.in)
e-Medhabruti (Technical),Welfare ,Government of Odisha,State,Professional,General,Odisha,"₹20,000 per year",,Not specified,https://scholarship.odisha.gov.in,https://scholarship.odisha.gov.in
Junior Merit Scholarship,Welfare ,Government of Odisha,State,Class 11–12,General,Odisha,"₹3,000/year",,Not specified,https://scholarship.odisha.gov.in,https://scholarship.odisha.gov.in
Pre-Matric Scholarship,Welfare ,Government of Odisha,State,School,SC/ST/OBC/EBC,Odisha,"₹3,000–₹7,000",,Not specified,https://scholarship.odisha.gov.in,https://scholarship.odisha.gov.in
Post-Matric Scholarship,Welfare ,Government of Odisha,State,Post-Matric,SC/ST/OBC/EBC,Odisha,Variable,,Not specified,https://scholarship.odisha.gov.in,https://scholarship.odisha.gov.in
Banishree Scholarship,Welfare ,Government of Odisha,State,All Levels,Disability,Odisha,₹100–₹250/month,,Not specified,https://scholarship.odisha.gov.in,https://scholarship.odisha.gov.in
Pre & Post-Matric Scholarship (SC/OBC),Welfare ,"Department of Welfare SC/ST/OBC, Delhi",State,Pre / Post-Matric,SC / OBC,Delhi,Not specified,,Not specified,https://edistrict.delhigovt.nic.in,https://scstwelfare.delhi.gov.in
Government of India Post-Matric Scholarship (via MahaDBT),Welfare ,Government of Maharashtra / MahaDBT,State,Post-Matric,SC / ST / OBC / General*,Maharashtra,Not specified,,Not specified,https://mahadbt.maharashtra.gov.in,https://mahadbt.maharashtra.gov.in/SchemeData/SchemeData?str=E9DDFA703C38E51ACE99921E698B1EE85995B38445F14746E1B0DD7E66FFF88B (turn1search0)
Post-Matric Tuition Fee & Examination Fee (Freeship),Welfare ,Government of Maharashtra / MahaDBT,State,Post-Matric,All,Maharashtra,Not specified,,Not specified,https://mahadbt.maharashtra.gov.in,https://mahadbt.maharashtra.gov.in/SchemeData/SchemeData?str=E9DDFA703C38E51AE0CB048159E784170A4F3BD768B3A64E4772B0EF7B9990B2 (turn1search7)
Rajarshi Chhatrapati Shahu Maharaj Merit Scholarship,Welfare ,Government of Maharashtra / MahaDBT,State,Post-Matric,All / SC (varies by department),Maharashtra,Not specified,,Not specified,https://mahadbt.maharashtra.gov.in,https://mahadbt.maharashtra.gov.in/SchemeData/SchemeData?str=E9DDFA703C38E51ACE99921E698B1EE85995B38445F14746E1B0DD7E66FFF88B (turn1search0)
Post-Matric Scholarship for Persons with Disability,Welfare ,Government of Maharashtra / MahaDBT,State,Post-Matric,Disability,Maharashtra,Not specified,,Not specified,https://mahadbt.maharashtra.gov.in,https://mahadbt.maharashtra.gov.in/SchemeData/SchemeData?str=E9DDFA703C38E51ABCC44582035F06CB9B6B2704869FE16E9E8F561A36261D4D (turn1search8)
Post-Matric Scholarship to OBC Students,Welfare ,Government of Maharashtra / MahaDBT,State,Post-Matric,OBC,Maharashtra,Not specified,,Not specified,https://mahadbt.maharashtra.gov.in,https://mahadbt.maharashtra.gov.in/SchemeData/SchemeData?str=E9DDFA703C38E51AB02E984835E89FEFDB316E301CE6A991F41C5D42B01A7D7E (turn1search4)
Post-Matric Scholarship to SBC Students,Welfare ,Government of Maharashtra / MahaDBT,State,Post-Matric,SBC,Maharashtra,Not specified,,Not specified,https://mahadbt.maharashtra.gov.in,https://mahadbt.maharashtra.gov.in/SchemeData/SchemeData?str=E9DDFA703C38E51ABD801C85A5E1070827B2230746448BA9CCB9B577565F338F (turn1search6)
UP Pre-Matric & Post-Matric Scholarship (Combined),Welfare ,Government of Uttar Pradesh,State,Pre-Matric & Post-Matric,SC / ST / OBC / Minority / General,Uttar Pradesh,Not specified,,Not specified,https://scholarship.up.gov.in,https://scholarship.up.gov.in/ (official) (UP Scholarship Status)
Pre-Matric Scholarship (Adi Dravidar & Tribal Welfare Dept.),Welfare ,Government of Tamil Nadu – ADTW Dept.,State,School (Class 1–10),SC / ST,Tamil Nadu,Not specified,,Not specified,https://tnscholarships.tn.gov.in,https://www.tn.gov.in/department/5
Post-Matric Scholarship (Adi Dravidar & Tribal Welfare Dept.),Welfare ,Government of Tamil Nadu – ADTW Dept.,State,Post-Matric / UG / PG,SC / ST,Tamil Nadu,Not specified,,Not specified,https://tnscholarships.tn.gov.in,https://www.tn.gov.in/department/5
Pre-Matric Scholarship (BC / MBC / DNC),Welfare ,"Government of Tamil Nadu – BC, MBC & Minorities Welfare Dept.",State,School,BC / MBC / DNC,Tamil Nadu,Not specified,,Not specified,https://tnscholarships.tn.gov.in,https://www.tn.gov.in/department/6
Post-Matric Scholarship (BC / MBC / DNC),Welfare ,"Government of Tamil Nadu – BC, MBC & Minorities Welfare Dept.",State,Post-Matric / UG / PG,BC / MBC / DNC,Tamil Nadu,Not specified,,Not specified,https://tnscholarships.tn.gov.in,https://www.tn.gov.in/department/6
Pre-Matric Scholarship (Minority Students),Welfare ,Government of Tamil Nadu – Minority Welfare Dept.,State,School,Minority,Tamil Nadu,Not specified,,Not specified,https://tnscholarships.tn.gov.in,https://www.tn.gov.in/department/23
Post-Matric Scholarship (Minority Students),Welfare ,Government of Tamil Nadu – Minority Welfare Dept.,State,Post-Matric / UG / PG,Minority,Tamil Nadu,Not specified,,Not specified,https://tnscholarships.tn.gov.in,https://www.tn.gov.in/department/23
Chief Minister’s Merit Scholarship Scheme,Welfare ,Government of Tamil Nadu – Higher Education Dept.,State,UG / Professional,General,Tamil Nadu,Not specified,,Not specified,https://tnscholarships.tn.gov.in,https://www.tn.gov.in/department/13
Pudhumai Penn Scheme,Welfare ,Government of Tamil Nadu – Social Welfare Dept.,State,School / College,Girls,Tamil Nadu,"₹1,000 per month (as per scheme notification)",,Not specified,https://tnschemes.tn.gov.in,https://www.tn.gov.in/scheme/data_view/217
Moovalur Ramamirtham Ammaiyar Higher Education Assurance Scheme,Welfare ,Government of Tamil Nadu,State,Higher Education,Girls,Tamil Nadu,"₹1,000 per month",,Not specified,https://tnschemes.tn.gov.in,https://www.tn.gov.in/scheme/data_view/212
Tamil Pudhalvan Scheme,Welfare ,Government of Tamil Nadu,State,School / College,Boys,Tamil Nadu,"₹1,000 per month",,Not specified,https://tnschemes.tn.gov.in,https://www.tn.gov.in/scheme/data_view/221
EVR Nagammai Scholarship,Welfare ,Government of Tamil Nadu – Higher Education Dept.,State,PG,Adi Dravidar Women,Tamil Nadu,Not specified,,Not specified,https://tnscholarships.tn.gov.in,https://www.tn.gov.in/department/13
Scholarship for Differently Abled Students,Welfare ,Government of Tamil Nadu – Differently Abled Welfare Dept.,State,All Levels,Disability,Tamil Nadu,Not specified,,Not specified,https://tnscholarships.tn.gov.in,https://www.tn.gov.in/department/29
Pre-Matric Scholarship (SC Students),Welfare ,"Scheduled Caste Development Department, Govt. of Kerala",State,School (Class 1–10),SC,Kerala,Not specified,,Not specified,https://scholarships.gov.in,https://scdd.kerala.gov.in
Post-Matric Scholarship (SC Students),Welfare ,"Scheduled Caste Development Department, Govt. of Kerala",State,Post-Matric / UG / PG,SC,Kerala,Not specified,,Not specified,https://scholarships.gov.in,https://scdd.kerala.gov.in
Pre-Matric Scholarship (ST Students),Welfare ,"Scheduled Tribes Development Department, Govt. of Kerala",State,School,ST,Kerala,Not specified,,Not specified,https://scholarships.gov.in,https://stdd.kerala.gov.in
Post-Matric Scholarship (ST Students),Welfare ,"Scheduled Tribes Development Department, Govt. of Kerala",State,Post-Matric / UG / PG,ST,Kerala,Not specified,,Not specified,https://scholarships.gov.in,https://stdd.kerala.gov.in
Pre-Matric Scholarship (OBC Students),Welfare ,"Backward Classes Development Department, Govt. of Kerala",State,School,OBC,Kerala,Not specified,,Not specified,https://scholarships.gov.in,https://bcdd.kerala.gov.in
Post-Matric Scholarship (OBC Students),Welfare ,"Backward Classes Development Department, Govt. of Kerala",State,Post-Matric / UG / PG,OBC,Kerala,Not specified,,Not specified,https://scholarships.gov.in,https://bcdd.kerala.gov.in
Minority Scholarship (Pre-Matric),Welfare ,"Minority Welfare Department, Govt. of Kerala",State,School,Minority,Kerala,Not specified,,Not specified,https://scholarships.gov.in,https://minoritywelfare.kerala.gov.in
Minority Scholarship (Post-Matric),Welfare ,"Minority Welfare Department, Govt. of Kerala",State,Post-Matric / UG / PG,Minority,Kerala,Not specified,,Not specified,https://scholarships.gov.in,https://minoritywelfare.kerala.gov.in
E-Grantz Scholarship,Welfare ,"Higher Education Department, Govt. of Kerala",State,UG / PG / Professional,SC / ST / OBC / Minority,Kerala,Tuition fee + stipend (Not specified),,Not specified,https://www.egrantz.kerala.gov.in,https://www.egrantz.kerala.gov.in
District Merit Scholarship (DMS),Welfare ,"Directorate of Collegiate Education, Govt. of Kerala",State,UG,General,Kerala,Not specified,,Not specified,https://www.dcescholarship.kerala.gov.in,https://www.collegiateedu.kerala.gov.in
Central Sector Scholarship (Kerala applicants via DCE),Welfare ,"Directorate of Collegiate Education, Govt. of Kerala",State (Implementing Agency),UG / PG,General,Kerala,Not specified,,Not specified,https://www.dcescholarship.kerala.gov.in,https://www.collegiateedu.kerala.gov.in
Post-Matric Scholarship for Students with Disabilities,Welfare ,"Social Justice Department, Govt. of Kerala",State,Post-Matric,Disability,Kerala,Not specified,,Not specified,https://scholarships.gov.in,https://sjd.kerala.gov.in
Blind/PH Scholarship,Welfare ,"Social Justice Department, Govt. of Kerala",State,School / College,Disability,Kerala,Not specified,,Not specified,https://scholarships.gov.in,https://sjd.kerala.gov.in
Pre-Matric Scholarship (SC Students),Welfare ,Govt. of Telangana – SC Development Dept.,State,School (Class 1–10),SC,Telangana,Not specified,,Not specified,https://telanganaepass.cgg.gov.in,https://scd.telangana.gov.in
Post-Matric Scholarship (SC Students),Welfare ,Govt. of Telangana – SC Development Dept.,State,Post-Matric / UG / PG,SC,Telangana,Tuition fee + maintenance (Not specified),,Not specified,https://telanganaepass.cgg.gov.in,https://scd.telangana.gov.in
Pre-Matric Scholarship (ST Students),Welfare ,Govt. of Telangana – Tribal Welfare Dept.,State,School,ST,Telangana,Not specified,,Not specified,https://telanganaepass.cgg.gov.in,https://twd.telangana.gov.in
Post-Matric Scholarship (ST Students),Welfare ,Govt. of Telangana – Tribal Welfare Dept.,State,Post-Matric / UG / PG,ST,Telangana,Tuition fee + maintenance (Not specified),,Not specified,https://telanganaepass.cgg.gov.in,https://twd.telangana.gov.in
Pre-Matric Scholarship (BC/EBC Students),Welfare ,Govt. of Telangana – BC Welfare Dept.,State,School,BC / EBC,Telangana,Not specified,,Not specified,https://telanganaepass.cgg.gov.in,https://bcwelfare.telangana.gov.in
Post-Matric Scholarship (BC/EBC Students),Welfare ,Govt. of Telangana – BC Welfare Dept.,State,Post-Matric / UG / PG,BC / EBC,Telangana,Tuition fee + maintenance (Not specified),,Not specified,https://telanganaepass.cgg.gov.in,https://bcwelfare.telangana.gov.in
Minority Welfare Scholarship (Pre-Matric),Welfare ,Govt. of Telangana – Minority Welfare Dept.,State,School,Minority,Telangana,Not specified,,Not specified,https://telanganaepass.cgg.gov.in,https://minoritywelfare.telangana.gov.in
Minority Welfare Scholarship (Post-Matric),Welfare ,Govt. of Telangana – Minority Welfare Dept.,State,Post-Matric / UG / PG,Minority,Telangana,Not specified,,Not specified,https://telanganaepass.cgg.gov.in,https://minoritywelfare.telangana.gov.in
Post-Matric Scholarship for Differently Abled,Welfare ,Govt. of Telangana – Disabled Welfare Dept.,State,Post-Matric,Disability,Telangana,Not specified,,Not specified,https://telanganaepass.cgg.gov.in,https://pwd.telangana.gov.in
Pre-Matric Scholarship (SC Students),Welfare ,Govt. of Andhra Pradesh – Social Welfare Dept.,State,School (Class 1–10),SC,Andhra Pradesh,Not specified,,Not specified,https://jnanabhumi.ap.gov.in,https://socialwelfare.ap.gov.in
Post-Matric Scholarship (SC Students),Welfare ,Govt. of Andhra Pradesh – Social Welfare Dept.,State,Post-Matric / UG / PG,SC,Andhra Pradesh,Tuition fee + maintenance (Not specified),,Not specified,https://jnanabhumi.ap.gov.in,https://socialwelfare.ap.gov.in
Pre-Matric Scholarship (ST Students),Welfare ,Govt. of Andhra Pradesh – Tribal Welfare Dept.,State,School,ST,Andhra Pradesh,Not specified,,Not specified,https://jnanabhumi.ap.gov.in,https://tribalwelfare.ap.gov.in
Post-Matric Scholarship (ST Students),Welfare ,Govt. of Andhra Pradesh – Tribal Welfare Dept.,State,Post-Matric / UG / PG,ST,Andhra Pradesh,Tuition fee + maintenance (Not specified),,Not specified,https://jnanabhumi.ap.gov.in,https://tribalwelfare.ap.gov.in
Pre-Matric Scholarship (BC/EBC Students),Welfare ,Govt. of Andhra Pradesh – BC Welfare Dept.,State,School,BC / EBC,Andhra Pradesh,Not specified,,Not specified,https://jnanabhumi.ap.gov.in,https://bcwelfare.ap.gov.in
Post-Matric Scholarship (BC/EBC Students),Welfare ,Govt. of Andhra Pradesh – BC Welfare Dept.,State,Post-Matric / UG / PG,BC / EBC,Andhra Pradesh,Tuition fee + maintenance (Not specified),,Not specified,https://jnanabhumi.ap.gov.in,https://bcwelfare.ap.gov.in
Minority Welfare Scholarship (Pre-Matric),Welfare ,Govt. of Andhra Pradesh – Minority Welfare Dept.,State,School,Minority,Andhra Pradesh,Not specified,,Not specified,https://jnanabhumi.ap.gov.in,https://minoritywelfare.ap.gov.in
Minority Welfare Scholarship (Post-Matric),Welfare ,Govt. of Andhra Pradesh – Minority Welfare Dept.,State,Post-Matric / UG / PG,Minority,Andhra Pradesh,Not specified,,Not specified,https://jnanabhumi.ap.gov.in,https://minoritywelfare.ap.gov.in
Post-Matric Scholarship for Differently Abled,Welfare ,Govt. of Andhra Pradesh – Disabled Welfare Dept.,State,Post-Matric,Disability,Andhra Pradesh,Not specified,,Not specified,https://jnanabhumi.ap.gov.in,https://disabledwelfare.ap.gov.in
Jagananna Vidya Deevena,Welfare ,Govt. of Andhra Pradesh,State,UG / PG / Professional,All (income-based),Andhra Pradesh,Full tuition fee (Not specified),,Not specified,https://jnanabhumi.ap.gov.in,https://navasakam.ap.gov.in
Jagananna Vasathi Deevena,Welfare ,Govt. of Andhra Pradesh,State,UG / PG / Professional,All (income-based),Andhra Pradesh,Maintenance allowance (Not specified),,Not specified,https://jnanabhumi.ap.gov.in,https://navasakam.ap.gov.in
Pre-Matric Scholarship (SC Students),Welfare ,"Social Justice & Empowerment Dept., Govt. of Rajasthan",State,School (Class 1–10),SC,Rajasthan,Not specified,,Not specified,https://sje.rajasthan.gov.in,https://sje.rajasthan.gov.in
Post-Matric Scholarship (SC Students),Welfare ,"Social Justice & Empowerment Dept., Govt. of Rajasthan",State,Post-Matric / UG / PG,SC,Rajasthan,Not specified,,Not specified,https://sje.rajasthan.gov.in,https://sje.rajasthan.gov.in
Pre-Matric Scholarship (ST Students),Welfare ,"Tribal Area Development Dept., Govt. of Rajasthan",State,School,ST,Rajasthan,Not specified,,Not specified,https://sje.rajasthan.gov.in,https://tad.rajasthan.gov.in
Post-Matric Scholarship (ST Students),Welfare ,"Tribal Area Development Dept., Govt. of Rajasthan",State,Post-Matric / UG / PG,ST,Rajasthan,Not specified,,Not specified,https://sje.rajasthan.gov.in,https://tad.rajasthan.gov.in
Pre-Matric Scholarship (OBC/SBC/EBC),Welfare ,"Social Justice & Empowerment Dept., Govt. of Rajasthan",State,School,OBC / SBC / EBC,Rajasthan,Not specified,,Not specified,https://sje.rajasthan.gov.in,https://sje.rajasthan.gov.in
Post-Matric Scholarship (OBC/SBC/EBC),Welfare ,"Social Justice & Empowerment Dept., Govt. of Rajasthan",State,Post-Matric / UG / PG,OBC / SBC / EBC,Rajasthan,Not specified,,Not specified,https://sje.rajasthan.gov.in,https://sje.rajasthan.gov.in
Minority Scholarship (Pre-Matric),Welfare ,"Minority Affairs Dept., Govt. of Rajasthan",State,School,Minority,Rajasthan,Not specified,,Not specified,https://sje.rajasthan.gov.in,https://minority.rajasthan.gov.in
Minority Scholarship (Post-Matric),Welfare ,"Minority Affairs Dept., Govt. of Rajasthan",State,Post-Matric / UG / PG,Minority,Rajasthan,Not specified,,Not specified,https://sje.rajasthan.gov.in,https://minority.rajasthan.gov.in
Scholarship for Students with Disabilities (Post-Matric),Welfare ,"Social Justice & Empowerment Dept., Govt. of Rajasthan",State,Post-Matric,Disability,Rajasthan,Not specified,,Not specified,https://sje.rajasthan.gov.in,https://sje.rajasthan.gov.in
Pre-Matric Scholarship (SC Students),Welfare ,"Social Justice & Empowerment Dept., Govt. of Gujarat",State,School (Class 1–10),SC,Gujarat,Not specified,,Not specified,https://www.digitalgujarat.gov.in,https://sje.gujarat.gov.in
Post-Matric Scholarship (SC Students),Welfare ,"Social Justice & Empowerment Dept., Govt. of Gujarat",State,Post-Matric / UG / PG,SC,Gujarat,Not specified,,Not specified,https://www.digitalgujarat.gov.in,https://sje.gujarat.gov.in
Pre-Matric Scholarship (ST Students),Welfare ,"Tribal Development Dept., Govt. of Gujarat",State,School,ST,Gujarat,Not specified,,Not specified,https://www.digitalgujarat.gov.in,https://tribal.gujarat.gov.in
Post-Matric Scholarship (ST Students),Welfare ,"Tribal Development Dept., Govt. of Gujarat",State,Post-Matric / UG / PG,ST,Gujarat,Not specified,,Not specified,https://www.digitalgujarat.gov.in,https://tribal.gujarat.gov.in
Pre-Matric Scholarship (OBC/SEBC),Welfare ,"Social Justice & Empowerment Dept., Govt. of Gujarat",State,School,OBC / SEBC,Gujarat,Not specified,,Not specified,https://www.digitalgujarat.gov.in,https://sje.gujarat.gov.in
Post-Matric Scholarship (OBC/SEBC),Welfare ,"Social Justice & Empowerment Dept., Govt. of Gujarat",State,Post-Matric / UG / PG,OBC / SEBC,Gujarat,Not specified,,Not specified,https://www.digitalgujarat.gov.in,https://sje.gujarat.gov.in
Minority Scholarship (Pre-Matric),Welfare ,"Minority Development Dept., Govt. of Gujarat",State,School,Minority,Gujarat,Not specified,,Not specified,https://www.digitalgujarat.gov.in,https://minority.gujarat.gov.in
Minority Scholarship (Post-Matric),Welfare ,"Minority Development Dept., Govt. of Gujarat",State,Post-Matric / UG / PG,Minority,Gujarat,Not specified,,Not specified,https://www.digitalgujarat.gov.in,https://minority.gujarat.gov.in
Scholarship for Students with Disabilities (Post-Matric),Welfare ,"Social Justice & Empowerment Dept., Govt. of Gujarat",State,Post-Matric,Disability,Gujarat,Not specified,,Not specified,https://www.digitalgujarat.gov.in,https://sje.gujarat.gov.in
Pre-Matric Scholarship (SC/ST),Welfare ,"Welfare Department, Govt. of Bihar",State,School (Class 1–10),SC / ST,Bihar,Not specified,,Not specified,https://pmsonline.bih.nic.in,https://state.bihar.gov.in/welfare
Post-Matric Scholarship (SC/ST),Welfare ,"Welfare Department, Govt. of Bihar",State,Post-Matric / UG / PG,SC / ST,Bihar,Not specified,,Not specified,https://pmsonline.bih.nic.in,https://state.bihar.gov.in/welfare
Pre-Matric Scholarship (BC/EBC),Welfare ,"Backward Classes & Extremely Backward Classes Welfare Dept., Govt. of Bihar",State,School,BC / EBC,Bihar,Not specified,,Not specified,https://pmsonline.bih.nic.in,https://state.bihar.gov.in/bc
Post-Matric Scholarship (BC/EBC),Welfare ,"Backward Classes & Extremely Backward Classes Welfare Dept., Govt. of Bihar",State,Post-Matric / UG / PG,BC / EBC,Bihar,Not specified,,Not specified,https://pmsonline.bih.nic.in,https://state.bihar.gov.in/bc
Minority Scholarship (Pre-Matric),Welfare ,"Minority Welfare Dept., Govt. of Bihar",State,School,Minority,Bihar,Not specified,,Not specified,https://pmsonline.bih.nic.in,https://state.bihar.gov.in/minority
Minority Scholarship (Post-Matric),Welfare ,"Minority Welfare Dept., Govt. of Bihar",State,Post-Matric / UG / PG,Minority,Bihar,Not specified,,Not specified,https://pmsonline.bih.nic.in,https://state.bihar.gov.in/minority
Chief Minister Medhavi Yojana,Welfare ,"Education Department, Govt. of Bihar",State,Class 12 / UG,General,Bihar,Not specified,,Not specified,https://medhasoft.bihar.gov.in,https://medhasoft.bihar.gov.in
Bihar Student Credit Card / Education Support Scheme,Welfare ,"Education Department, Govt. of Bihar",State,UG / PG / Professional,General,Bihar,Not specified,,Not specified,https://www.7nishchay-yuvaupmission.bihar.gov.in,https://www.7nishchay-yuvaupmission.bihar.gov.in
Pre-Matric Scholarship (SC Students),Welfare ,"Social Justice Dept., Govt. of MP",State,School (Class 1–10),SC,Madhya Pradesh,Not specified,,Not specified,https://scholarshipportal.mp.gov.in,https://socialjustice.mp.gov.in
Post-Matric Scholarship (SC Students),Welfare ,"Social Justice Dept., Govt. of MP",State,Post-Matric / UG / PG,SC,Madhya Pradesh,Not specified,,Not specified,https://scholarshipportal.mp.gov.in,https://socialjustice.mp.gov.in
Pre-Matric Scholarship (ST Students),Welfare ,"Tribal Welfare Dept., Govt. of MP",State,School,ST,Madhya Pradesh,Not specified,,Not specified,https://scholarshipportal.mp.gov.in,https://tribal.mp.gov.in
Post-Matric Scholarship (ST Students),Welfare ,"Tribal Welfare Dept., Govt. of MP",State,Post-Matric / UG / PG,ST,Madhya Pradesh,Not specified,,Not specified,https://scholarshipportal.mp.gov.in,https://tribal.mp.gov.in
Pre-Matric Scholarship (OBC Students),Welfare ,"Backward Classes Welfare Dept., Govt. of MP",State,School,OBC,Madhya Pradesh,Not specified,,Not specified,https://scholarshipportal.mp.gov.in,https://backwardclasses.mp.gov.in
Post-Matric Scholarship (OBC Students),Welfare ,"Backward Classes Welfare Dept., Govt. of MP",State,Post-Matric / UG / PG,OBC,Madhya Pradesh,Not specified,,Not specified,https://scholarshipportal.mp.gov.in,https://backwardclasses.mp.gov.in
Minority Scholarship (Pre-Matric),Welfare ,"Minority Welfare Dept., Govt. of MP",State,School,Minority,Madhya Pradesh,Not specified,,Not specified,https://scholarshipportal.mp.gov.in,https://minority.mp.gov.in
Minority Scholarship (Post-Matric),Welfare ,"Minority Welfare Dept., Govt. of MP",State,Post-Matric / UG / PG,Minority,Madhya Pradesh,Not specified,,Not specified,https://scholarshipportal.mp.gov.in,https://minority.mp.gov.in
Scholarship for Students with Disabilities,Welfare ,"Social Justice Dept., Govt. of MP",State,All Levels,Disability,Madhya Pradesh,Not specified,,Not specified,https://scholarshipportal.mp.gov.in,https://socialjustice.mp.gov.in
Mukhya Mantri Medhavi Vidyarthi Yojana (MMVY),Welfare ,"Higher Education Dept., Govt. of MP",State,UG / Professional,General,Madhya Pradesh,Tuition fee reimbursement (Not specified),,Not specified,https://scholarshipportal.mp.gov.in,https://education.mp.gov.in
Pre-Matric Scholarship (SC Students),Welfare ,"Dept. of Social Justice, Govt. of Punjab",State,School (Class 1–10),SC,Punjab,Not specified,,Not specified,https://scholarships.gov.in,https://socialjustice.punjab.gov.in
Post-Matric Scholarship (SC Students),Welfare ,"Dept. of Social Justice, Govt. of Punjab",State,Post-Matric / UG / PG,SC,Punjab,Not specified,,Not specified,https://scholarships.gov.in,https://socialjustice.punjab.gov.in
Pre-Matric Scholarship (OBC Students),Welfare ,"Dept. of Social Justice, Govt. of Punjab",State,School,OBC,Punjab,Not specified,,Not specified,https://scholarships.gov.in,https://socialjustice.punjab.gov.in
Post-Matric Scholarship (OBC Students),Welfare ,"Dept. of Social Justice, Govt. of Punjab",State,Post-Matric / UG / PG,OBC,Punjab,Not specified,,Not specified,https://scholarships.gov.in,https://socialjustice.punjab.gov.in
Pre-Matric Scholarship (Minority Students),Welfare ,"Dept. of Minority Affairs, Govt. of Punjab",State,School,Minority,Punjab,Not specified,,Not specified,https://scholarships.gov.in,https://minorityaffairs.punjab.gov.in
Post-Matric Scholarship (Minority Students),Welfare ,"Dept. of Minority Affairs, Govt. of Punjab",State,Post-Matric / UG / PG,Minority,Punjab,Not specified,,Not specified,https://scholarships.gov.in,https://minorityaffairs.punjab.gov.in
Chief Minister Scholarship Scheme (CMSS),Welfare ,Govt. of Punjab,State,UG / Professional,General,Punjab,Not specified,,Not specified,https://punjab.gov.in,https://punjab.gov.in
Pre-Matric Scholarship (SC Students),Welfare ,"Welfare of SC & BC Dept., Govt. of Haryana",State,School (Class 1–10),SC,Haryana,Not specified,,Not specified,https://scholarships.gov.in,https://haryanascbc.gov.in
Post-Matric Scholarship (SC Students),Welfare ,"Welfare of SC & BC Dept., Govt. of Haryana",State,Post-Matric / UG / PG,SC,Haryana,Not specified,,Not specified,https://scholarships.gov.in,https://haryanascbc.gov.in
Pre-Matric Scholarship (BC Students),Welfare ,"Welfare of SC & BC Dept., Govt. of Haryana",State,School,BC,Haryana,Not specified,,Not specified,https://scholarships.gov.in,https://haryanascbc.gov.in
Post-Matric Scholarship (BC Students),Welfare ,"Welfare of SC & BC Dept., Govt. of Haryana",State,Post-Matric / UG / PG,BC,Haryana,Not specified,,Not specified,https://scholarships.gov.in,https://haryanascbc.gov.in
Haryana State Merit Scholarship,Welfare ,"Higher Education Dept., Govt. of Haryana",State,UG / PG,General,Haryana,Not specified,,Not specified,https://highereduhry.ac.in,https://highereduhry.ac.in
Post-Matric Scholarship for Students with Disabilities,Welfare ,"Social Justice & Empowerment Dept., Govt. of Haryana",State,Post-Matric,Disability,Haryana,Not specified,,Not specified,https://scholarships.gov.in,https://socialjusticehry.gov.in
Pre-Matric Scholarship (SC Students),Welfare ,"Welfare of SC Dept., Govt. of Assam",State,School (Class 1–10),SC,Assam,Not specified,,Not specified,https://scholarships.gov.in,https://wptbc.assam.gov.in
Post-Matric Scholarship (SC Students),Welfare ,"Welfare of SC Dept., Govt. of Assam",State,Post-Matric / UG / PG,SC,Assam,Not specified,,Not specified,https://scholarships.gov.in,https://wptbc.assam.gov.in
Pre-Matric Scholarship (ST Students),Welfare ,"Welfare of Plains Tribes & Backward Classes Dept., Govt. of Assam",State,School,ST,Assam,Not specified,,Not specified,https://scholarships.gov.in,https://wptbc.assam.gov.in
Post-Matric Scholarship (ST Students),Welfare ,"Welfare of Plains Tribes & Backward Classes Dept., Govt. of Assam",State,Post-Matric / UG / PG,ST,Assam,Not specified,,Not specified,https://scholarships.gov.in,https://wptbc.assam.gov.in
Pre-Matric Scholarship (OBC/MOBC),Welfare ,"Welfare of Plains Tribes & Backward Classes Dept., Govt. of Assam",State,School,OBC / MOBC,Assam,Not specified,,Not specified,https://scholarships.gov.in,https://wptbc.assam.gov.in
Post-Matric Scholarship (OBC/MOBC),Welfare ,"Welfare of Plains Tribes & Backward Classes Dept., Govt. of Assam",State,Post-Matric / UG / PG,OBC / MOBC,Assam,Not specified,,Not specified,https://scholarships.gov.in,https://wptbc.assam.gov.in
Minority Scholarship (Pre-Matric),Welfare ,"Minority Welfare Dept., Govt. of Assam",State,School,Minority,Assam,Not specified,,Not specified,https://scholarships.gov.in,https://minoritywelfare.assam.gov.in
Minority Scholarship (Post-Matric),Welfare ,"Minority Welfare Dept., Govt. of Assam",State,Post-Matric / UG / PG,Minority,Assam,Not specified,,Not specified,https://scholarships.gov.in,https://minoritywelfare.assam.gov.in
Scholarship for Students with Disabilities,Welfare ,"Social Welfare Dept., Govt. of Assam",State,All Levels,Disability,Assam,Not specified,,Not specified,https://scholarships.gov.in,https://socialwelfare.assam.gov.in
Pragyan Bharati Scheme,Welfare ,"Education Department, Govt. of Assam",State,UG / PG,General,Assam,Not specified,,Not specified,https://education.assam.gov.in,https://education.assam.gov.in
Pre-Matric Scholarship (SC Students),Welfare ,"Welfare Dept., Govt. of Jharkhand",State,School (Class 1–10),SC,Jharkhand,Not specified,,Not specified,https://scholarships.gov.in,https://welfare.jharkhand.gov.in
Post-Matric Scholarship (SC Students),Welfare ,"Welfare Dept., Govt. of Jharkhand",State,Post-Matric / UG / PG,SC,Jharkhand,Not specified,,Not specified,https://scholarships.gov.in,https://welfare.jharkhand.gov.in
Pre-Matric Scholarship (ST Students),Welfare ,"Welfare Dept., Govt. of Jharkhand",State,School,ST,Jharkhand,Not specified,,Not specified,https://scholarships.gov.in,https://welfare.jharkhand.gov.in
Post-Matric Scholarship (ST Students),Welfare ,"Welfare Dept., Govt. of Jharkhand",State,Post-Matric / UG / PG,ST,Jharkhand,Not specified,,Not specified,https://scholarships.gov.in,https://welfare.jharkhand.gov.in
Pre-Matric Scholarship (BC/EBC),Welfare ,"Welfare Dept., Govt. of Jharkhand",State,School,BC / EBC,Jharkhand,Not specified,,Not specified,https://scholarships.gov.in,https://welfare.jharkhand.gov.in
Post-Matric Scholarship (BC/EBC),Welfare ,"Welfare Dept., Govt. of Jharkhand",State,Post-Matric / UG / PG,BC / EBC,Jharkhand,Not specified,,Not specified,https://scholarships.gov.in,https://welfare.jharkhand.gov.in
Minority Scholarship (Pre-Matric),Welfare ,"Minority Welfare Dept., Govt. of Jharkhand",State,School,Minority,Jharkhand,Not specified,,Not specified,https://scholarships.gov.in,https://minority.jharkhand.gov.in
Minority Scholarship (Post-Matric),Welfare ,"Minority Welfare Dept., Govt. of Jharkhand",State,Post-Matric / UG / PG,Minority,Jharkhand,Not specified,,Not specified,https://scholarships.gov.in,https://minority.jharkhand.gov.in
Post-Matric Scholarship for Students with Disabilities,Welfare ,"Social Welfare Dept., Govt. of Jharkhand",State,Post-Matric,Disability,Jharkhand,Not specified,,Not specified,https://scholarships.gov.in,https://welfare.jharkhand.gov.in
मुख्यमंत्री शिक्षा प्रोत्साहन योजना (CM Education Promotion Scheme),Welfare ,Govt. of Jharkhand,State,UG / PG,General,Jharkhand,Not specified,,Not specified,https://jharsewa.jharkhand.gov.in,https://jharsewa.jharkhand.gov.in
Pre-Matric Scholarship (SC Students),Welfare ,"Social Welfare Dept., Govt. of Chhattisgarh",State,School (Class 1–10),SC,Chhattisgarh,Not specified,,Not specified,https://scholarships.gov.in,https://socialwelfare.cg.gov.in
Post-Matric Scholarship (SC Students),Welfare ,"Social Welfare Dept., Govt. of Chhattisgarh",State,Post-Matric / UG / PG,SC,Chhattisgarh,Not specified,,Not specified,https://scholarships.gov.in,https://socialwelfare.cg.gov.in
Pre-Matric Scholarship (ST Students),Welfare ,"Tribal Development Dept., Govt. of Chhattisgarh",State,School,ST,Chhattisgarh,Not specified,,Not specified,https://scholarships.gov.in,https://tribal.cg.gov.in
Post-Matric Scholarship (ST Students),Welfare ,"Tribal Development Dept., Govt. of Chhattisgarh",State,Post-Matric / UG / PG,ST,Chhattisgarh,Not specified,,Not specified,https://scholarships.gov.in,https://tribal.cg.gov.in
Pre-Matric Scholarship (OBC Students),Welfare ,"Backward Classes Welfare Dept., Govt. of Chhattisgarh",State,School,OBC,Chhattisgarh,Not specified,,Not specified,https://scholarships.gov.in,https://bc.cg.gov.in
Post-Matric Scholarship (OBC Students),Welfare ,"Backward Classes Welfare Dept., Govt. of Chhattisgarh",State,Post-Matric / UG / PG,OBC,Chhattisgarh,Not specified,,Not specified,https://scholarships.gov.in,https://bc.cg.gov.in
Minority Scholarship (Pre-Matric),Welfare ,"Minority Welfare Dept., Govt. of Chhattisgarh",State,School,Minority,Chhattisgarh,Not specified,,Not specified,https://scholarships.gov.in,https://minority.cg.gov.in
Minority Scholarship (Post-Matric),Welfare ,"Minority Welfare Dept., Govt. of Chhattisgarh",State,Post-Matric / UG / PG,Minority,Chhattisgarh,Not specified,,Not specified,https://scholarships.gov.in,https://minority.cg.gov.in
Scholarship for Students with Disabilities,Welfare ,"Social Welfare Dept., Govt. of Chhattisgarh",State,All Levels,Disability,Chhattisgarh,Not specified,,Not specified,https://scholarships.gov.in,https://socialwelfare.cg.gov.in
Chief Minister Gyan Protsahan Yojana,Welfare ,Govt. of Chhattisgarh,State,UG / PG,General,Chhattisgarh,Not specified,,Not specified,https://cgstate.gov.in,https://cgstate.gov.in
Pre-Matric Scholarship (SC Students),Welfare ,"Social Welfare Dept., Govt. of Uttarakhand",State,School (Class 1–10),SC,Uttarakhand,Not specified,,Not specified,https://scholarships.gov.in,https://socialwelfare.uk.gov.in
Post-Matric Scholarship (SC Students),Welfare ,"Social Welfare Dept., Govt. of Uttarakhand",State,Post-Matric / UG / PG,SC,Uttarakhand,Not specified,,Not specified,https://scholarships.gov.in,https://socialwelfare.uk.gov.in
Pre-Matric Scholarship (ST Students),Welfare ,"Tribal Welfare Dept., Govt. of Uttarakhand",State,School,ST,Uttarakhand,Not specified,,Not specified,https://scholarships.gov.in,https://tribal.uk.gov.in
Post-Matric Scholarship (ST Students),Welfare ,"Tribal Welfare Dept., Govt. of Uttarakhand",State,Post-Matric / UG / PG,ST,Uttarakhand,Not specified,,Not specified,https://scholarships.gov.in,https://tribal.uk.gov.in
Pre-Matric Scholarship (OBC Students),Welfare ,"Social Welfare Dept., Govt. of Uttarakhand",State,School,OBC,Uttarakhand,Not specified,,Not specified,https://scholarships.gov.in,https://socialwelfare.uk.gov.in
Post-Matric Scholarship (OBC Students),Welfare ,"Social Welfare Dept., Govt. of Uttarakhand",State,Post-Matric / UG / PG,OBC,Uttarakhand,Not specified,,Not specified,https://scholarships.gov.in,https://socialwelfare.uk.gov.in
Minority Scholarship (Pre-Matric),Welfare ,"Minority Welfare Dept., Govt. of Uttarakhand",State,School,Minority,Uttarakhand,Not specified,,Not specified,https://scholarships.gov.in,https://minority.uk.gov.in
Minority Scholarship (Post-Matric),Welfare ,"Minority Welfare Dept., Govt. of Uttarakhand",State,Post-Matric / UG / PG,Minority,Uttarakhand,Not specified,,Not specified,https://scholarships.gov.in,https://minority.uk.gov.in
Post-Matric Scholarship for Students with Disabilities,Welfare ,"Social Welfare Dept., Govt. of Uttarakhand",State,Post-Matric,Disability,Uttarakhand,Not specified,,Not specified,https://scholarships.gov.in,https://socialwelfare.uk.gov.in
Uttarakhand State Merit Scholarship,Welfare ,"Higher Education Dept., Govt. of Uttarakhand",State,UG / PG,General,Uttarakhand,Not specified,,Not specified,https://he.uk.gov.in,https://he.uk.gov.in
Pre-Matric Scholarship (SC Students),Welfare ,"Dept. of Social Justice & Empowerment, Govt. of Himachal Pradesh",State,School (Class 1–10),SC,Himachal Pradesh,Not specified,,Not specified,https://scholarships.gov.in,https://himachal.nic.in
Post-Matric Scholarship (SC Students),Welfare ,"Dept. of Social Justice & Empowerment, Govt. of Himachal Pradesh",State,Post-Matric / UG / PG,SC,Himachal Pradesh,Not specified,,Not specified,https://scholarships.gov.in,https://himachal.nic.in
Pre-Matric Scholarship (ST Students),Welfare ,"Dept. of Tribal Development, Govt. of Himachal Pradesh",State,School,ST,Himachal Pradesh,Not specified,,Not specified,https://scholarships.gov.in,https://himachal.nic.in
Post-Matric Scholarship (ST Students),Welfare ,"Dept. of Tribal Development, Govt. of Himachal Pradesh",State,Post-Matric / UG / PG,ST,Himachal Pradesh,Not specified,,Not specified,https://scholarships.gov.in,https://himachal.nic.in
Pre-Matric Scholarship (OBC Students),Welfare ,"Dept. of Social Justice & Empowerment, Govt. of Himachal Pradesh",State,School,OBC,Himachal Pradesh,Not specified,,Not specified,https://scholarships.gov.in,https://himachal.nic.in
Post-Matric Scholarship (OBC Students),Welfare ,"Dept. of Social Justice & Empowerment, Govt. of Himachal Pradesh",State,Post-Matric / UG / PG,OBC,Himachal Pradesh,Not specified,,Not specified,https://scholarships.gov.in,https://himachal.nic.in
Minority Scholarship (Pre-Matric),Welfare ,"Minority Affairs Dept., Govt. of Himachal Pradesh",State,School,Minority,Himachal Pradesh,Not specified,,Not specified,https://scholarships.gov.in,https://himachal.nic.in
Minority Scholarship (Post-Matric),Welfare ,"Minority Affairs Dept., Govt. of Himachal Pradesh",State,Post-Matric / UG / PG,Minority,Himachal Pradesh,Not specified,,Not specified,https://scholarships.gov.in,https://himachal.nic.in
Scholarship for Students with Disabilities,Welfare ,"Dept. of Social Justice & Empowerment, Govt. of Himachal Pradesh",State,All Levels,Disability,Himachal Pradesh,Not specified,,Not specified,https://scholarships.gov.in,https://himachal.nic.in
IRDP Scholarship,Welfare ,"Dept. of Social Justice & Empowerment, Govt. of Himachal Pradesh",State,UG / PG,General (IRDP families),Himachal Pradesh,Not specified,,Not specified,https://himachal.nic.in,https://himachal.nic.in
Pre-Matric Scholarship (SC Students),Welfare ,"Social Welfare Dept., UT of J&K",State / UT,School (Class 1–10),SC,Jammu & Kashmir,Not specified,,Not specified,https://scholarships.gov.in,https://socialwelfare.jk.gov.in
Post-Matric Scholarship (SC Students),Welfare ,"Social Welfare Dept., UT of J&K",State / UT,Post-Matric / UG / PG,SC,Jammu & Kashmir,Not specified,,Not specified,https://scholarships.gov.in,https://socialwelfare.jk.gov.in
Pre-Matric Scholarship (ST Students),Welfare ,"Tribal Affairs Dept., UT of J&K",State / UT,School,ST,Jammu & Kashmir,Not specified,,Not specified,https://scholarships.gov.in,https://tribalaffairs.jk.gov.in
Post-Matric Scholarship (ST Students),Welfare ,"Tribal Affairs Dept., UT of J&K",State / UT,Post-Matric / UG / PG,ST,Jammu & Kashmir,Not specified,,Not specified,https://scholarships.gov.in,https://tribalaffairs.jk.gov.in
Pre-Matric Scholarship (OBC Students),Welfare ,"Social Welfare Dept., UT of J&K",State / UT,School,OBC,Jammu & Kashmir,Not specified,,Not specified,https://scholarships.gov.in,https://socialwelfare.jk.gov.in
Post-Matric Scholarship (OBC Students),Welfare ,"Social Welfare Dept., UT of J&K",State / UT,Post-Matric / UG / PG,OBC,Jammu & Kashmir,Not specified,,Not specified,https://scholarships.gov.in,https://socialwelfare.jk.gov.in
Minority Scholarship (Pre-Matric),Welfare ,"Social Welfare Dept., UT of J&K",State / UT,School,Minority,Jammu & Kashmir,Not specified,,Not specified,https://scholarships.gov.in,https://socialwelfare.jk.gov.in
Minority Scholarship (Post-Matric),Welfare ,"Social Welfare Dept., UT of J&K",State / UT,Post-Matric / UG / PG,Minority,Jammu & Kashmir,Not specified,,Not specified,https://scholarships.gov.in,https://socialwelfare.jk.gov.in
Post-Matric Scholarship for Students with Disabilities,Welfare ,"Social Welfare Dept., UT of J&K",State / UT,Post-Matric,Disability,Jammu & Kashmir,Not specified,,Not specified,https://scholarships.gov.in,https://socialwelfare.jk.gov.in
Prime Minister’s Special Scholarship Scheme (PMSSS – J&K),Welfare ,AICTE / Ministry of Education,Central (UT-focused),UG / Professional,General,Jammu & Kashmir,Not specified,,Not specified,https://www.aicte-india.org,https://www.aicte-india.org/schemes/pmsss
Pre-Matric Scholarship (SC Students),Welfare ,"Directorate of Social Welfare, Govt. of Goa",State,School (Class 1–10),SC,Goa,Not specified,,Not specified,https://scholarships.gov.in,https://www.goa.gov.in/department/directorate-of-social-welfare/
Post-Matric Scholarship (SC Students),Welfare ,"Directorate of Social Welfare, Govt. of Goa",State,Post-Matric / UG / PG,SC,Goa,Not specified,,Not specified,https://scholarships.gov.in,https://www.goa.gov.in/department/directorate-of-social-welfare/
Pre-Matric Scholarship (ST Students),Welfare ,"Directorate of Social Welfare, Govt. of Goa",State,School,ST,Goa,Not specified,,Not specified,https://scholarships.gov.in,https://www.goa.gov.in/department/directorate-of-social-welfare/
Post-Matric Scholarship (ST Students),Welfare ,"Directorate of Social Welfare, Govt. of Goa",State,Post-Matric / UG / PG,ST,Goa,Not specified,,Not specified,https://scholarships.gov.in,https://www.goa.gov.in/department/directorate-of-social-welfare/
Pre-Matric Scholarship (OBC Students),Welfare ,"Directorate of Social Welfare, Govt. of Goa",State,School,OBC,Goa,Not specified,,Not specified,https://scholarships.gov.in,https://www.goa.gov.in/department/directorate-of-social-welfare/
Post-Matric Scholarship (OBC Students),Welfare ,"Directorate of Social Welfare, Govt. of Goa",State,Post-Matric / UG / PG,OBC,Goa,Not specified,,Not specified,https://scholarships.gov.in,https://www.goa.gov.in/department/directorate-of-social-welfare/
Minority Scholarship (Pre-Matric),Welfare ,"Directorate of Social Welfare, Govt. of Goa",State,School,Minority,Goa,Not specified,,Not specified,https://scholarships.gov.in,https://www.goa.gov.in/department/directorate-of-social-welfare/
Minority Scholarship (Post-Matric),Welfare ,"Directorate of Social Welfare, Govt. of Goa",State,Post-Matric / UG / PG,Minority,Goa,Not specified,,Not specified,https://scholarships.gov.in,https://www.goa.gov.in/department/directorate-of-social-welfare/
Goa Dayanand Social Security Scheme (Students),Welfare ,Govt. of Goa,State,UG / PG,General,Goa,Not specified,,Not specified,https://www.goa.gov.in,https://www.goa.gov.in/scheme/dayanand-social-security-scheme/
Pre-Matric Scholarship (SC Students),Welfare ,"Social Welfare Dept., UT of Dadra & Nagar Haveli and Daman & Diu",State / UT,School (Class 1–10),SC,Dadra & Nagar Haveli and Daman & Diu,Not specified,,Not specified,https://scholarships.gov.in,https://ddd.gov.in
Post-Matric Scholarship (SC Students),Welfare ,"Social Welfare Dept., UT of Dadra & Nagar Haveli and Daman & Diu",State / UT,Post-Matric / UG / PG,SC,Dadra & Nagar Haveli and Daman & Diu,Not specified,,Not specified,https://scholarships.gov.in,https://ddd.gov.in
Pre-Matric Scholarship (ST Students),Welfare ,"Social Welfare Dept., UT of Dadra & Nagar Haveli and Daman & Diu",State / UT,School,ST,Dadra & Nagar Haveli and Daman & Diu,Not specified,,Not specified,https://scholarships.gov.in,https://ddd.gov.in
Post-Matric Scholarship (ST Students),Welfare ,"Social Welfare Dept., UT of Dadra & Nagar Haveli and Daman & Diu",State / UT,Post-Matric / UG / PG,ST,Dadra & Nagar Haveli and Daman & Diu,Not specified,,Not specified,https://scholarships.gov.in,https://ddd.gov.in
Pre-Matric Scholarship (OBC Students),Welfare ,"Social Welfare Dept., UT of Dadra & Nagar Haveli and Daman & Diu",State / UT,School,OBC,Dadra & Nagar Haveli and Daman & Diu,Not specified,,Not specified,https://scholarships.gov.in,https://ddd.gov.in
Post-Matric Scholarship (OBC Students),Welfare ,"Social Welfare Dept., UT of Dadra & Nagar Haveli and Daman & Diu",State / UT,Post-Matric / UG / PG,OBC,Dadra & Nagar Haveli and Daman & Diu,Not specified,,Not specified,https://scholarships.gov.in,https://ddd.gov.in
Minority Scholarship (Pre-Matric),Welfare ,"Social Welfare Dept., UT of Dadra & Nagar Haveli and Daman & Diu",State / UT,School,Minority,Dadra & Nagar Haveli and Daman & Diu,Not specified,,Not specified,https://scholarships.gov.in,https://ddd.gov.in
Minority Scholarship (Post-Matric),Welfare ,"Social Welfare Dept., UT of Dadra & Nagar Haveli and Daman & Diu",State / UT,Post-Matric / UG / PG,Minority,Dadra & Nagar Haveli and Daman & Diu,Not specified,,Not specified,https://scholarships.gov.in,https://ddd.gov.in
Post-Matric Scholarship for Students with Disabilities,Welfare ,"Social Welfare Dept., UT of Dadra & Nagar Haveli and Daman & Diu",State / UT,Post-Matric,Disability,Dadra & Nagar Haveli and Daman & Diu,Not specified,,Not specified,https://scholarships.gov.in,https://ddd.gov.in
Pre-Matric Scholarship (SC Students),Welfare ,"Social Welfare Department, Govt. of Manipur",State,School (Class 1–10),SC,Manipur,Not specified,,Not specified,https://scholarships.gov.in,https://socialwelfare.manipur.gov.in
Post-Matric Scholarship (SC Students),Welfare ,"Social Welfare Department, Govt. of Manipur",State,Post-Matric / UG / PG,SC,Manipur,Not specified,,Not specified,https://scholarships.gov.in,https://socialwelfare.manipur.gov.in
Pre-Matric Scholarship (ST Students),Welfare ,"Tribal Affairs & Hills Department, Govt. of Manipur",State,School,ST,Manipur,Not specified,,Not specified,https://scholarships.gov.in,https://tahd.manipur.gov.in
Post-Matric Scholarship (ST Students),Welfare ,"Tribal Affairs & Hills Department, Govt. of Manipur",State,Post-Matric / UG / PG,ST,Manipur,Not specified,,Not specified,https://scholarships.gov.in,https://tahd.manipur.gov.in
Pre-Matric Scholarship (OBC Students),Welfare ,"Social Welfare Department, Govt. of Manipur",State,School,OBC,Manipur,Not specified,,Not specified,https://scholarships.gov.in,https://socialwelfare.manipur.gov.in
Post-Matric Scholarship (OBC Students),Welfare ,"Social Welfare Department, Govt. of Manipur",State,Post-Matric / UG / PG,OBC,Manipur,Not specified,,Not specified,https://scholarships.gov.in,https://socialwelfare.manipur.gov.in
Minority Scholarship (Pre-Matric),Welfare ,"Minority Affairs Cell, Govt. of Manipur",State,School,Minority,Manipur,Not specified,,Not specified,https://scholarships.gov.in,https://manipur.gov.in
Minority Scholarship (Post-Matric),Welfare ,"Minority Affairs Cell, Govt. of Manipur",State,Post-Matric / UG / PG,Minority,Manipur,Not specified,,Not specified,https://scholarships.gov.in,https://manipur.gov.in
Post-Matric Scholarship for Students with Disabilities,Welfare ,"Social Welfare Department, Govt. of Manipur",State,Post-Matric,Disability,Manipur,Not specified,,Not specified,https://scholarships.gov.in,https://socialwelfare.manipur.gov.in
Manipur State Merit Scholarship,Welfare ,"Education Department, Govt. of Manipur",State,UG / PG,General,Manipur,Not specified,,Not specified,https://manipur.gov.in,https://manipur.gov.in
Pre-Matric Scholarship (SC Students),Welfare ,"Social Welfare Department, Govt. of Meghalaya",State,School (Class 1–10),SC,Meghalaya,Not specified,,Not specified,https://scholarships.gov.in,https://socialwelfare.meghalaya.gov.in
Post-Matric Scholarship (SC Students),Welfare ,"Social Welfare Department, Govt. of Meghalaya",State,Post-Matric / UG / PG,SC,Meghalaya,Not specified,,Not specified,https://scholarships.gov.in,https://socialwelfare.meghalaya.gov.in
Pre-Matric Scholarship (ST Students),Welfare ,"Tribal Affairs Department, Govt. of Meghalaya",State,School,ST,Meghalaya,Not specified,,Not specified,https://scholarships.gov.in,https://tribal.meghalaya.gov.in
Post-Matric Scholarship (ST Students),Welfare ,"Tribal Affairs Department, Govt. of Meghalaya",State,Post-Matric / UG / PG,ST,Meghalaya,Not specified,,Not specified,https://scholarships.gov.in,https://tribal.meghalaya.gov.in
Pre-Matric Scholarship (OBC Students),Welfare ,"Social Welfare Department, Govt. of Meghalaya",State,School,OBC,Meghalaya,Not specified,,Not specified,https://scholarships.gov.in,https://socialwelfare.meghalaya.gov.in
Post-Matric Scholarship (OBC Students),Welfare ,"Social Welfare Department, Govt. of Meghalaya",State,Post-Matric / UG / PG,OBC,Meghalaya,Not specified,,Not specified,https://scholarships.gov.in,https://socialwelfare.meghalaya.gov.in
Minority Scholarship (Pre-Matric),Welfare ,"Minority Affairs Department, Govt. of Meghalaya",State,School,Minority,Meghalaya,Not specified,,Not specified,https://scholarships.gov.in,https://meghalaya.gov.in
Minority Scholarship (Post-Matric),Welfare ,"Minority Affairs Department, Govt. of Meghalaya",State,Post-Matric / UG / PG,Minority,Meghalaya,Not specified,,Not specified,https://scholarships.gov.in,https://meghalaya.gov.in
Post-Matric Scholarship for Students with Disabilities,Welfare ,"Social Welfare Department, Govt. of Meghalaya",State,Post-Matric,Disability,Meghalaya,Not specified,,Not specified,https://scholarships.gov.in,https://socialwelfare.meghalaya.gov.in
Meghalaya Merit Scholarship,Welfare ,"Education Department, Govt. of Meghalaya",State,UG / PG,General,Meghalaya,Not specified,,Not specified,https://megedistrict.gov.in,https://meghalaya.gov.in
Pre-Matric Scholarship (SC Students),Welfare ,"Social Welfare & Social Education Dept., Govt. of Tripura",State,School (Class 1–10),SC,Tripura,Not specified,,Not specified,https://scholarships.gov.in,https://socialwelfare.tripura.gov.in
Post-Matric Scholarship (SC Students),Welfare ,"Social Welfare & Social Education Dept., Govt. of Tripura",State,Post-Matric / UG / PG,SC,Tripura,Not specified,,Not specified,https://scholarships.gov.in,https://socialwelfare.tripura.gov.in
Pre-Matric Scholarship (ST Students),Welfare ,"Tribal Welfare Dept., Govt. of Tripura",State,School,ST,Tripura,Not specified,,Not specified,https://scholarships.gov.in,https://tribal.tripura.gov.in
Post-Matric Scholarship (ST Students),Welfare ,"Tribal Welfare Dept., Govt. of Tripura",State,Post-Matric / UG / PG,ST,Tripura,Not specified,,Not specified,https://scholarships.gov.in,https://tribal.tripura.gov.in
Pre-Matric Scholarship (OBC Students),Welfare ,"Social Welfare & Social Education Dept., Govt. of Tripura",State,School,OBC,Tripura,Not specified,,Not specified,https://scholarships.gov.in,https://socialwelfare.tripura.gov.in
Post-Matric Scholarship (OBC Students),Welfare ,"Social Welfare & Social Education Dept., Govt. of Tripura",State,Post-Matric / UG / PG,OBC,Tripura,Not specified,,Not specified,https://scholarships.gov.in,https://socialwelfare.tripura.gov.in
Minority Scholarship (Pre-Matric),Welfare ,"Minority Welfare Dept., Govt. of Tripura",State,School,Minority,Tripura,Not specified,,Not specified,https://scholarships.gov.in,https://minority.tripura.gov.in
Minority Scholarship (Post-Matric),Welfare ,"Minority Welfare Dept., Govt. of Tripura",State,Post-Matric / UG / PG,Minority,Tripura,Not specified,,Not specified,https://scholarships.gov.in,https://minority.tripura.gov.in
Post-Matric Scholarship for Students with Disabilities,Welfare ,"Social Welfare & Social Education Dept., Govt. of Tripura",State,Post-Matric,Disability,Tripura,Not specified,,Not specified,https://scholarships.gov.in,https://socialwelfare.tripura.gov.in
Tripura State Merit Scholarship,Welfare ,"Education Department, Govt. of Tripura",State,UG / PG,General,Tripura,Not specified,,Not specified,https://tripura.gov.in,https://tripura.gov.in
Pre-Matric Scholarship (SC Students),Welfare ,"Social Welfare Dept., Govt. of Mizoram",State,School (Class 1–10),SC,Mizoram,Not specified,,Not specified,https://scholarships.gov.in,https://socialwelfare.mizoram.gov.in
Post-Matric Scholarship (SC Students),Welfare ,"Social Welfare Dept., Govt. of Mizoram",State,Post-Matric / UG / PG,SC,Mizoram,Not specified,,Not specified,https://scholarships.gov.in,https://socialwelfare.mizoram.gov.in
Pre-Matric Scholarship (ST Students),Welfare ,"Tribal Affairs Dept., Govt. of Mizoram",State,School,ST,Mizoram,Not specified,,Not specified,https://scholarships.gov.in,https://tribal.mizoram.gov.in
Post-Matric Scholarship (ST Students),Welfare ,"Tribal Affairs Dept., Govt. of Mizoram",State,Post-Matric / UG / PG,ST,Mizoram,Not specified,,Not specified,https://scholarships.gov.in,https://tribal.mizoram.gov.in
Pre-Matric Scholarship (OBC Students),Welfare ,"Social Welfare Dept., Govt. of Mizoram",State,School,OBC,Mizoram,Not specified,,Not specified,https://scholarships.gov.in,https://socialwelfare.mizoram.gov.in
Post-Matric Scholarship (OBC Students),Welfare ,"Social Welfare Dept., Govt. of Mizoram",State,Post-Matric / UG / PG,OBC,Mizoram,Not specified,,Not specified,https://scholarships.gov.in,https://socialwelfare.mizoram.gov.in
Minority Scholarship (Pre-Matric),Welfare ,"Minority Welfare Dept., Govt. of Mizoram",State,School,Minority,Mizoram,Not specified,,Not specified,https://scholarships.gov.in,https://mizoram.gov.in
Minority Scholarship (Post-Matric),Welfare ,"Minority Welfare Dept., Govt. of Mizoram",State,Post-Matric / UG / PG,Minority,Mizoram,Not specified,,Not specified,https://scholarships.gov.in,https://mizoram.gov.in
Post-Matric Scholarship for Students with Disabilities,Welfare ,"Social Welfare Dept., Govt. of Mizoram",State,Post-Matric,Disability,Mizoram,Not specified,,Not specified,https://scholarships.gov.in,https://socialwelfare.mizoram.gov.in
Mizoram State Merit Scholarship,Welfare ,"Education Department, Govt. of Mizoram",State,UG / PG,General,Mizoram,Not specified,,Not specified,https://mizoram.gov.in,https://mizoram.gov.in
Pre-Matric Scholarship (SC Students),Welfare ,"Social Welfare Dept., Govt. of Sikkim",State,School (Class 1–10),SC,Sikkim,Not specified,,Not specified,https://scholarships.gov.in,https://sikkim.gov.in
Post-Matric Scholarship (SC Students),Welfare ,"Social Welfare Dept., Govt. of Sikkim",State,Post-Matric / UG / PG,SC,Sikkim,Not specified,,Not specified,https://scholarships.gov.in,https://sikkim.gov.in
Pre-Matric Scholarship (ST Students),Welfare ,"Social Welfare Dept., Govt. of Sikkim",State,School,ST,Sikkim,Not specified,,Not specified,https://scholarships.gov.in,https://sikkim.gov.in
Post-Matric Scholarship (ST Students),Welfare ,"Social Welfare Dept., Govt. of Sikkim",State,Post-Matric / UG / PG,ST,Sikkim,Not specified,,Not specified,https://scholarships.gov.in,https://sikkim.gov.in
Pre-Matric Scholarship (OBC Students),Welfare ,"Social Welfare Dept., Govt. of Sikkim",State,School,OBC,Sikkim,Not specified,,Not specified,https://scholarships.gov.in,https://sikkim.gov.in
Post-Matric Scholarship (OBC Students),Welfare ,"Social Welfare Dept., Govt. of Sikkim",State,Post-Matric / UG / PG,OBC,Sikkim,Not specified,,Not specified,https://scholarships.gov.in,https://sikkim.gov.in
Minority Scholarship (Pre-Matric),Welfare ,"Minority Affairs Dept., Govt. of Sikkim",State,School,Minority,Sikkim,Not specified,,Not specified,https://scholarships.gov.in,https://sikkim.gov.in
Minority Scholarship (Post-Matric),Welfare ,"Minority Affairs Dept., Govt. of Sikkim",State,Post-Matric / UG / PG,Minority,Sikkim,Not specified,,Not specified,https://scholarships.gov.in,https://sikkim.gov.in
Post-Matric Scholarship for Students with Disabilities,Welfare ,"Social Welfare Dept., Govt. of Sikkim",State,Post-Matric,Disability,Sikkim,Not specified,,Not specified,https://scholarships.gov.in,https://sikkim.gov.in
Sikkim State Merit Scholarship,Welfare ,"Education Dept., Govt. of Sikkim",State,UG / PG,General,Sikkim,Not specified,,Not specified,https://sikkim.gov.in,https://sikkim.gov.in
Pre-Matric Scholarship (SC Students),Welfare ,"Social Justice Dept., Govt. of Arunachal Pradesh",State,School (Class 1–10),SC,Arunachal Pradesh,Not specified,,Not specified,https://scholarships.gov.in,https://arunachalpradesh.gov.in
Post-Matric Scholarship (SC Students),Welfare ,"Social Justice Dept., Govt. of Arunachal Pradesh",State,Post-Matric / UG / PG,SC,Arunachal Pradesh,Not specified,,Not specified,https://scholarships.gov.in,https://arunachalpradesh.gov.in
Pre-Matric Scholarship (ST Students),Welfare ,"Tribal Affairs Dept., Govt. of Arunachal Pradesh",State,School,ST,Arunachal Pradesh,Not specified,,Not specified,https://scholarships.gov.in,https://arunachalpradesh.gov.in
Post-Matric Scholarship (ST Students),Welfare ,"Tribal Affairs Dept., Govt. of Arunachal Pradesh",State,Post-Matric / UG / PG,ST,Arunachal Pradesh,Not specified,,Not specified,https://scholarships.gov.in,https://arunachalpradesh.gov.in
Pre-Matric Scholarship (OBC Students),Welfare ,"Social Justice Dept., Govt. of Arunachal Pradesh",State,School,OBC,Arunachal Pradesh,Not specified,,Not specified,https://scholarships.gov.in,https://arunachalpradesh.gov.in
Post-Matric Scholarship (OBC Students),Welfare ,"Social Justice Dept., Govt. of Arunachal Pradesh",State,Post-Matric / UG / PG,OBC,Arunachal Pradesh,Not specified,,Not specified,https://scholarships.gov.in,https://arunachalpradesh.gov.in
Minority Scholarship (Pre-Matric),Welfare ,"Minority Welfare Cell, Govt. of Arunachal Pradesh",State,School,Minority,Arunachal Pradesh,Not specified,,Not specified,https://scholarships.gov.in,https://arunachalpradesh.gov.in
Minority Scholarship (Post-Matric),Welfare ,"Minority Welfare Cell, Govt. of Arunachal Pradesh",State,Post-Matric / UG / PG,Minority,Arunachal Pradesh,Not specified,,Not specified,https://scholarships.gov.in,https://arunachalpradesh.gov.in
Post-Matric Scholarship for Students with Disabilities,Welfare ,"Social Justice Dept., Govt. of Arunachal Pradesh",State,Post-Matric,Disability,Arunachal Pradesh,Not specified,,Not specified,https://scholarships.gov.in,https://arunachalpradesh.gov.in
Arunachal Pradesh State Merit Scholarship,Welfare ,"Education Dept., Govt. of Arunachal Pradesh",State,UG / PG,General,Arunachal Pradesh,Not specified,,Not specified,https://arunachalpradesh.gov.in,https://arunachalpradesh.gov.in
Pre-Matric Scholarship (SC Students),Welfare ,"Social Welfare Department, Govt. of Nagaland",State,School (Class 1–10),SC,Nagaland,Not specified,,Not specified,https://scholarships.gov.in,https://socialwelfare.nagaland.gov.in
Post-Matric Scholarship (SC Students),Welfare ,"Social Welfare Department, Govt. of Nagaland",State,Post-Matric / UG / PG,SC,Nagaland,Not specified,,Not specified,https://scholarships.gov.in,https://socialwelfare.nagaland.gov.in
Pre-Matric Scholarship (ST Students),Welfare ,"Tribal Affairs Department, Govt. of Nagaland",State,School,ST,Nagaland,Not specified,,Not specified,https://scholarships.gov.in,https://tribal.nagaland.gov.in
Post-Matric Scholarship (ST Students),Welfare ,"Tribal Affairs Department, Govt. of Nagaland",State,Post-Matric / UG / PG,ST,Nagaland,Not specified,,Not specified,https://scholarships.gov.in,https://tribal.nagaland.gov.in
Pre-Matric Scholarship (OBC Students),Welfare ,"Social Welfare Department, Govt. of Nagaland",State,School,OBC,Nagaland,Not specified,,Not specified,https://scholarships.gov.in,https://socialwelfare.nagaland.gov.in
Post-Matric Scholarship (OBC Students),Welfare ,"Social Welfare Department, Govt. of Nagaland",State,Post-Matric / UG / PG,OBC,Nagaland,Not specified,,Not specified,https://scholarships.gov.in,https://socialwelfare.nagaland.gov.in
Minority Scholarship (Pre-Matric),Welfare ,"Minority Affairs Cell, Govt. of Nagaland",State,School,Minority,Nagaland,Not specified,,Not specified,https://scholarships.gov.in,https://nagaland.gov.in
Minority Scholarship (Post-Matric),Welfare ,"Minority Affairs Cell, Govt. of Nagaland",State,Post-Matric / UG / PG,Minority,Nagaland,Not specified,,Not specified,https://scholarships.gov.in,https://nagaland.gov.in
Post-Matric Scholarship for Students with Disabilities,Welfare ,"Social Welfare Department, Govt. of Nagaland",State,Post-Matric,Disability,Nagaland,Not specified,,Not specified,https://scholarships.gov.in,https://socialwelfare.nagaland.gov.in
Nagaland State Merit Scholarship,Welfare ,"Higher Education Department, Govt. of Nagaland",State,UG / PG,General,Nagaland,Not specified,,Not specified,https://highereducation.nagaland.gov.in,https://highereducation.nagaland.gov.in
Pre-Matric Scholarship (SC Students),Welfare ,"Social & Tribal Welfare Department, UT of Ladakh",State / UT,School (Class 1–10),SC,Ladakh,Not specified,,Not specified,https://scholarships.gov.in,https://ladakh.nic.in
Post-Matric Scholarship (SC Students),Welfare ,"Social & Tribal Welfare Department, UT of Ladakh",State / UT,Post-Matric / UG / PG,SC,Ladakh,Not specified,,Not specified,https://scholarships.gov.in,https://ladakh.nic.in
Pre-Matric Scholarship (ST Students),Welfare ,"Social & Tribal Welfare Department, UT of Ladakh",State / UT,School,ST,Ladakh,Not specified,,Not specified,https://scholarships.gov.in,https://ladakh.nic.in
Post-Matric Scholarship (ST Students),Welfare ,"Social & Tribal Welfare Department, UT of Ladakh",State / UT,Post-Matric / UG / PG,ST,Ladakh,Not specified,,Not specified,https://scholarships.gov.in,https://ladakh.nic.in
Pre-Matric Scholarship (OBC Students),Welfare ,"Social & Tribal Welfare Department, UT of Ladakh",State / UT,School,OBC,Ladakh,Not specified,,Not specified,https://scholarships.gov.in,https://ladakh.nic.in
Post-Matric Scholarship (OBC Students),Welfare ,"Social & Tribal Welfare Department, UT of Ladakh",State / UT,Post-Matric / UG / PG,OBC,Ladakh,Not specified,,Not specified,https://scholarships.gov.in,https://ladakh.nic.in
Minority Scholarship (Pre-Matric),Welfare ,"Social & Tribal Welfare Department, UT of Ladakh",State / UT,School,Minority,Ladakh,Not specified,,Not specified,https://scholarships.gov.in,https://ladakh.nic.in
Minority Scholarship (Post-Matric),Welfare ,"Social & Tribal Welfare Department, UT of Ladakh",State / UT,Post-Matric / UG / PG,Minority,Ladakh,Not specified,,Not specified,https://scholarships.gov.in,https://ladakh.nic.in
Post-Matric Scholarship for Students with Disabilities,Welfare ,"Social & Tribal Welfare Department, UT of Ladakh",State / UT,Post-Matric,Disability,Ladakh,Not specified,,Not specified,https://scholarships.gov.in,https://ladakh.nic.in
Ladakh UT Merit Scholarship,Welfare ,"Higher Education Department, UT of Ladakh",State / UT,UG / PG,General,Ladakh,Not specified,,Not specified,https://ladakh.nic.in,https://ladakh.nic.in
Pre-Matric Scholarship (SC Students),Welfare ,"Directorate of Social Welfare, A&N Administration",State / UT,School (Class 1–10),SC,Andaman & Nicobar Islands,Not specified,,Not specified,https://scholarships.gov.in,https://andaman.gov.in
Post-Matric Scholarship (SC Students),Welfare ,"Directorate of Social Welfare, A&N Administration",State / UT,Post-Matric / UG / PG,SC,Andaman & Nicobar Islands,Not specified,,Not specified,https://scholarships.gov.in,https://andaman.gov.in
Pre-Matric Scholarship (ST Students),Welfare ,"Directorate of Tribal Welfare, A&N Administration",State / UT,School,ST,Andaman & Nicobar Islands,Not specified,,Not specified,https://scholarships.gov.in,https://andaman.gov.in
Post-Matric Scholarship (ST Students),Welfare ,"Directorate of Tribal Welfare, A&N Administration",State / UT,Post-Matric / UG / PG,ST,Andaman & Nicobar Islands,Not specified,,Not specified,https://scholarships.gov.in,https://andaman.gov.in
Pre-Matric Scholarship (OBC Students),Welfare ,"Directorate of Social Welfare, A&N Administration",State / UT,School,OBC,Andaman & Nicobar Islands,Not specified,,Not specified,https://scholarships.gov.in,https://andaman.gov.in
Post-Matric Scholarship (OBC Students),Welfare ,"Directorate of Social Welfare, A&N Administration",State / UT,Post-Matric / UG / PG,OBC,Andaman & Nicobar Islands,Not specified,,Not specified,https://scholarships.gov.in,https://andaman.gov.in
Minority Scholarship (Pre-Matric),Welfare ,"Directorate of Social Welfare, A&N Administration",State / UT,School,Minority,Andaman & Nicobar Islands,Not specified,,Not specified,https://scholarships.gov.in,https://andaman.gov.in
Minority Scholarship (Post-Matric),Welfare ,"Directorate of Social Welfare, A&N Administration",State / UT,Post-Matric / UG / PG,Minority,Andaman & Nicobar Islands,Not specified,,Not specified,https://scholarships.gov.in,https://andaman.gov.in
Post-Matric Scholarship for Students with Disabilities,Welfare ,"Directorate of Social Welfare, A&N Administration",State / UT,Post-Matric,Disability,Andaman & Nicobar Islands,Not specified,,Not specified,https://scholarships.gov.in,https://andaman.gov.in
Andaman & Nicobar Administration Merit Scholarship,Welfare ,"Directorate of Education, A&N Administration",State / UT,UG / PG,General,Andaman & Nicobar Islands,Not specified,,Not specified,https://andaman.gov.in,https://andaman.gov.in
Tata Trusts Education Grants,Merit / Need-based,Tata Trusts,Private,UG / PG / Professional,General,All India,Not specified,Tuition support / Grant,Not specified,https://www.tatatrusts.org,https://www.tatatrusts.org/our-work/education
HDFC Educational Crisis Scholarship,Need-based,HDFC Bank,Private,School / UG / PG,General,All India,Not specified,Financial assistance,Not specified,https://www.hdfcbankecss.com,https://www.hdfcbankecss.com
Sitaram Jindal Foundation Scholarship,Need-based,Sitaram Jindal Foundation,Private,School / UG / PG / Professional,General,All India,Monthly assistance (variable),Maintenance Allowance,Not specified,https://www.sitaramjindalfoundation.org,https://www.sitaramjindalfoundation.org/scholarships
Lila Poonawalla Foundation Scholarship,Merit / Need-based,Lila Poonawalla Foundation,Private,UG / PG,Women,Maharashtra,Not specified,Tuition Fee Support,Not specified,https://lilapoonawallafoundation.com,https://lilapoonawallafoundation.com/scholarships
Foundation For Excellence Scholarship,Merit / Need-based,Foundation For Excellence,Private,UG,General,All India,Not specified,Tuition support,Not specified,https://ffe.org,https://ffe.org
Reliance Foundation Postgraduate Scholarship,Merit-based,Reliance Foundation,Private,PG / Professional,General,All India,Fixed (as per scheme),Fellowship / Grant,Not specified,https://www.scholarships.reliancefoundation.org,https://www.scholarships.reliancefoundation.org
Aditya Birla Scholarship Programme,Merit-based,Aditya Birla Group,Private,UG / PG / Professional,General,All India,Fixed (programme-defined),Merit Scholarship,Not specified,https://www.adityabirlascholars.net,https://www.adityabirlascholars.net
JN Tata Endowment for Higher Education,Loan Scholarship,JN Tata Endowment,Private,PG / Professional,General,All India,Loan-based (variable),Loan Scholarship,Not specified,https://jntataendowment.org,https://jntataendowment.org
Narotam Sekhsaria Foundation Scholarship,Loan Scholarship,Narotam Sekhsaria Foundation,Private,PG / Professional,General,All India,Interest-free loan,Loan Scholarship,Not specified,https://www.narotamsekhsaria.org,https://www.narotamsekhsaria.org/scholarship
Inlaks Shivdasani Foundation Scholarship,Merit-based,Inlaks Shivdasani Foundation,Private,PG / Research,General,All India,Fixed (high value),Scholarship / Fellowship,Not specified,https://www.inlaksfoundation.org,https://www.inlaksfoundation.org
Azim Premji Foundation Fellowship,Fellowship,Azim Premji Foundation,Private,Research,General,Selected States,Not specified,Fellowship / Grant,Not specified,https://azimpremjifoundation.org,https://azimpremjifoundation.org
Reliance Foundation PhD Scholarship,Fellowship,Reliance Foundation,Private,Research,General,All India,Fixed (as per scheme),Fellowship,Not specified,https://www.scholarships.reliancefoundation.org,https://www.scholarships.reliancefoundation.org
Infosys Foundation Fellowship (select programs),Fellowship,Infosys Foundation,Private,Research / PG,General,All India,Not specified,Fellowship / Grant,Not specified,https://www.infosysfoundation.org,https://www.infosysfoundation.org
Vidyasaarathi Scholarship (CSR Programs),Need-based,NSDL e-Governance / CSR Partners,Private,School / UG / PG,General,All India,Not specified,Tuition / Maintenance,Not specified,https://www.vidyasaarathi.co.in,https://www.vidyasaarathi.co.in
Colgate Keep India Smiling Scholarship,Need-based,Colgate-Palmolive India,Private,School / UG,General,All India,Not specified,Financial assistance,Not specified,https://www.colgate.com/en-in,https://www.colgate.com/en-in/oral-health/keep-india-smiling
Kotak Shiksha Nidhi Scholarship,Need-based,Kotak Education Foundation,Private,School / UG / PG,General,Selected States,Not specified,Tuition support,Not specified,https://www.kotakeducation.org,https://www.kotakeducation.org
ONGC Scholarship (CSR),Merit / Need-based,ONGC Foundation,Private (PSU CSR),UG / PG,SC / ST / OBC / General,All India,Not specified,Scholarship,Not specified,https://www.ongcindia.com,https://www.ongcindia.com/web/eng/csr
Siemens Scholarship Program,Merit / Need-based,Siemens India,Private,UG / Engineering,General,Selected States,Not specified,Tuition + Mentorship,Not specified,https://www.siemens.co.in,https://www.siemens.co.in/scholarship
LIC Golden Jubilee Scholarship,Need-based,LIC of India,Private (PSU Trust),UG / PG,General,All India,Not specified,Maintenance Allowance,Not specified,https://licindia.in,https://licindia.in/golden-jubilee-scholarship
Mahindra All India Talent Scholarship,Merit / Need-based,Mahindra Group,Private,UG / Professional,General,All India,Not specified,Tuition support,Not specified,https://www.mahindra.com,https://www.mahindra.com/sustainability
OP Jindal Engineering & Management Scholarship,Merit-based,OP Jindal Group,Private,UG / PG / Professional,General,All India,Fixed (programme-defined),Scholarship,Not specified,https://www.opjems.com,https://www.opjems.com
Godrej Scholarship (CSR Initiatives),Merit / Need-based,Godrej Group,Private,UG / PG,General,Selected States,Not specified,Scholarship / Grant,Not specified,https://www.godrej.com,https://www.godrej.com/godrej-good-and-green
Bosch CSR Scholarship,Merit / Need-based,Bosch India,Private,UG / PG / Engineering,General,Selected States,Not specified,Tuition support,Not specified,https://www.bosch.in,https://www.bosch.in/company/corporate-social-responsibility
Tata Capital Pankh Scholarship,Need-based,Tata Capital,Private,School / UG / PG,General,All India,Not specified,Financial assistance,Not specified,https://www.tatacapital.com,https://www.tatacapital.com/csr.html
ACC Vidyasaarathi Scholarship,Need-based,ACC Limited (CSR),Private,UG / Professional,General,Selected States,Not specified,Tuition support,Not specified,https://www.acclimited.com,https://www.acclimited.com/sustainability
Teach For India Fellowship,Fellowship,Teach For India,Private,PG / Professional,General,Selected Cities,Fellowship stipend,Fellowship,Not specified,https://www.teachforindia.org,https://www.teachforindia.org
Young India Fellowship (Ashoka University),Merit-based,Ashoka University,Private,PG,General,All India,Tuition waiver (partial/full),Fellowship / Scholarship,Not specified,https://www.ashoka.edu.in,https://www.ashoka.edu.in/young-india-fellowship
Acumen India Fellowship,Fellowship,Acumen India,Private,Professional,General,All India,Not specified,Fellowship,Not specified,https://acumenacademy.org,https://acumenacademy.org/fellowships
LAMP Fellowship,Fellowship,PRS Legislative Research,Private,PG / Professional,General,All India,Monthly stipend,Fellowship,Not specified,https://prsindia.org,https://prsindia.org/lamp-fellowship
Chevening Scholarship (India – UK Govt Partnered),Merit-based,Chevening Secretariat,Private / International,PG,General,All India,Full funding,Scholarship,Not specified,https://www.chevening.org,https://www.chevening.org/scholarships/india
Rhodes Scholarship (India),Merit-based,Rhodes Trust,Private / International,PG,General,All India,Full funding,Scholarship / Fellowship,Not specified,https://www.rhodeshouse.ox.ac.uk,https://www.rhodeshouse.ox.ac.uk/scholarships/india