No,Keyword,Search Volume,CPC,Paid Difficulty,SEO Difficulty
1,"scholarship status 2025",6600,"₹151.93",1,88
2,"global scholarship",2900,"₹126.76",28,84
3,"scholarship online form",3600,"₹62.93",34,83
4,"scholarship world",2400,"₹54.84",9,83
5,"scholarship online apply",1900,"₹178.00",56,82
6,"scholarship ba",480,"₹200.48",28,82
7,"scholarship 10th class",2900,"₹44.05",19,82
8,"scholarship website",1900,"₹75.52",16,82
9,"scholarship 2025",12100,"₹131.25",13,82
10,"scholarship update",480,"₹45.85",6,82
11,"12th scholarship 2024",1900,"₹0.00",1,82
12,"scholarship 2025",6600,"₹122.26",27,81
13,"scholarship status check 2025",1600,"₹60.23",1,81
14,"scholarship programs",590,"₹140.24",33,80
15,"10th scholarship",3600,"₹77.31",2,80
16,"scholarship apply online",2400,"₹75.52",38,79
17,"scholarship apply online",2400,"₹75.52",38,79
18,"scholarship apply",2400,"₹118.67",31,79
19,"scholarship online apply",2900,"₹69.22",28,79
20,"scholarship apply online 2025",260,"₹70.12",35,78
21,"scholarship 2025 apply online",880,"₹88.10",19,78
22,"scholarship form online",2900,"₹67.43",13,78
23,"10th scholarship 2025 apply online",2400,"₹198.68",3,78
24,"scholarship website",1900,"₹147.44",32,77
25,"scholarship form 2023",2900,"₹0.00",1,77
26,"how to get scholarship to study abroad",2900,"₹121.37",74,74
27,"scholarship how to apply",2400,"₹92.60",30,74
28,"digital scholarship",2400,"₹66.53",1,74
29,"scholarship government in",33100,"₹58.44",1,74
30,"scholarship status check 2024",3600,"₹0.00",1,74
31,"scholarship gov in 2025",27100,"₹61.13",2,73
32,"scholarship form last date",6600,"₹53.04",1,73
33,"scholarship form last date 2025",1900,"₹53.94",1,73
34,"cms scholarship",4400,"₹872.03",1,72
35,"chevening scholarship",9900,"₹80.91",40,71
36,"scholarship india",880,"₹85.41",21,71
37,"scholarship worlds.com",2400,"₹178.90",5,70
38,"scholarship apply",1900,"₹123.16",44,69
39,"fulbright scholarship",9900,"₹68.32",17,69
40,"scholarship check",5400,"₹30.57",3,69
41,"scholarship last date 2025",14800,"₹100.69",1,69
42,"daad scholarship germany",2900,"₹81.81",44,68
43,"scholarship 12",2900,"₹65.63",14,68
44,"how to check scholarship status",2400,"₹0.00",1,68
45,"daad scholarship",12100,"₹82.71",35,67
46,"scholarship in government",260,"₹63.83",10,67
47,"scholarship registration",1300,"₹130.36",10,67
48,"student portal scholarship",2400,"₹182.50",8,67
49,"sarkari scholarship",2900,"₹47.65",2,67
50,"post matric scholarship 2025",6600,"₹150.13",1,67
51,"scholarship gov in 2025",49500,"₹58.44",1,67
52,"scholarship portal login",1900,"₹17.08",1,67
53,"scholarship renewal",5400,"₹45.85",1,67
54,"scholarship app",3600,"₹105.18",22,66
55,"scholarship details",320,"₹96.19",15,66
56,"post matric scholarship 2024",5400,"₹0.00",1,66
57,"scholarship date",1600,"₹75.52",1,66
58,"scholarship check",5400,"₹33.26",5,65
59,"scholarship online net",1900,"₹80.91",4,65
60,"scholarship help",260,"₹139.35",3,65
61,"national scholarship portal login",2900,"₹127.66",1,65
62,"scholarship form last date",6600,"₹41.35",1,65
63,"scholarship tracking portal",1900,"₹0.00",1,65
64,"scholarship exam",6600,"₹40.46",45,64
65,"scholarship link",480,"₹57.54",39,64
66,"commonwealth scholarship",4400,"₹78.21",28,64
67,"mext scholarship 2025",5400,"₹66.53",13,64
68,"scholarship list 2025",260,"₹70.12",12,64
69,"define scholarship",4400,"₹57.54",2,64
70,"scholarship last date 2023",2900,"₹0.00",1,64
71,"scholarship last date 2025",9900,"₹78.21",1,64
72,"scholarship portal login",1900,"₹75.52",1,64
73,"scholarship renewal",5400,"₹61.13",1,64
74,"scholarship result",2400,"₹0.00",1,64
75,"scholarship tracking portal",1900,"₹0.00",1,64
76,"state scholarship last date",2400,"₹0.00",1,64
77,"scholarship online.net",2400,"₹62.93",4,63
78,"b sc scholarship last date",2400,"₹0.00",1,63
79,"scholarship gov in login",320,"₹0.00",1,63
80,"scholarship payment status",880,"₹0.00",1,63
81,"scholarship for abroad studies",3600,"₹202.28",81,62
82,"scholarship bsc",2400,"₹75.52",14,62
83,"mext scholarship 2026",2900,"₹61.13",10,62
84,"scholarship application form",1900,"₹115.07",6,62
85,"scholarship department",260,"₹147.44",6,62
86,"scholarship",1220000,"₹69.22",5,62
87,"scholarship ka form",880,"₹41.35",5,62
88,"scholarship",1220000,"₹36.86",4,62
89,"swd scholarship",4400,"₹165.42",1,62
90,"b tech scholarship",1900,"₹80.91",19,61
91,"government scholarship",5400,"₹54.84",9,61
92,"rhodes scholarship",6600,"₹49.45",7,61
93,"ba scholarship",3600,"₹111.48",5,61
94,"dr ambedkar scholarship portal login",5400,"₹0.00",1,61
95,"post matric scholarship status check",2400,"₹0.00",1,61
96,"scholarship meaning in english",1000,"₹0.00",1,61
97,"b.sc scholarship",2400,"₹75.52",14,60
98,"scholarship sc students",1600,"₹108.78",2,60
99,"chatravriti scholarship",8100,"₹92.60",1,60
100,"scholarship ki last date",1300,"₹0.00",1,60
101,"test scholarship",3600,"₹42.25",64,59
102,"scholarship scheme",1300,"₹36.86",10,59
103,"scholarship corner",590,"₹118.67",9,59
104,"scholarship indian students",3600,"₹129.46",60,58
105,"government scholarship for students",1900,"₹71.92",16,58
106,"application for scholarship",2400,"₹138.45",14,58
107,"scholarship higher education",4400,"₹84.51",11,58
108,"scholarship 2025 last date",2900,"₹97.09",1,58
109,"scholarship news",260,"₹4.50",1,58
110,"scholarship test 2025",260,"₹56.64",73,57
111,"german academic exchange service scholarship",9900,"₹108.78",48,57
112,"scholarship for degree students",4400,"₹117.77",40,57
113,"scholarship ki last date 2025",320,"₹6.29",1,57
114,"scholarship means",4400,"₹0.00",1,57
115,"scholarship ssp",260,"₹0.00",1,57
116,"scholarship track",2900,"₹25.17",1,57
117,"scholarship types",260,"₹12.59",1,57
118,"state scholarship portal last date 2024",2900,"₹0.00",1,57
119,"12th scholarship 2025 last date",2900,"₹54.84",1,57
120,"scholarship for degree students",4400,"₹92.60",35,56
121,"higher education scholarship",5400,"₹106.08",17,56
122,"https scholarship up gov in",3600,"₹34.16",2,56
123,"scholarship eligibility checker",260,"₹42.25",2,56
124,"post matric scholarship 2023 24",2900,"₹152.83",1,56
125,"what is scholarship",2900,"₹0.00",1,56
126,"scholarship date 2025 last date",390,"₹44.05",1,55
127,"scholarship up gov in status 2025",3600,"₹20.68",1,55
128,"track scholarship",2900,"₹21.58",1,55
129,"scholarship for class 10",2900,"₹49.45",13,54
130,"scholarship date 2025",1600,"₹54.84",1,54
131,"scholarship wb",8100,"₹41.35",1,54
132,"scholarship to study abroad for indian students",480,"₹215.76",82,53
133,"pg scholarship",3600,"₹89.90",14,53
134,"scholarship money",260,"₹81.81",5,53
135,"12th scholarship",2900,"₹61.13",4,53
136,"scholarship for ug students",2900,"₹91.70",27,52
137,"scholarship for class 11",1900,"₹34.16",15,52
138,"scholarship renewal last date 2025",480,"₹0.00",1,52
139,"scholarship eligibility",390,"₹67.43",6,51
140,"scholarship biometric",390,"₹130.36",3,51
141,"bright futures scholarship",12100,"₹23.37",1,51
142,"bully scholarship edition",2400,"₹1.80",1,51
143,"12th pass scholarship 2025",3600,"₹81.81",1,51
144,"cg scholarship 2024 25",2900,"₹0.00",1,50
145,"post matric scholarship portal",3600,"₹59.33",1,50
146,"state scholarship portal log in",5400,"₹0.00",1,50
147,"scholarship graduation",590,"₹136.65",10,49
148,"gates scholarship cambridge",2400,"₹131.25",42,48
149,"scholarship yojana 2025",590,"₹107.88",5,48
150,"nicsi scholarship",1900,"₹62.93",2,48
151,"ambedkar scholarship portal",4400,"₹0.00",1,48
152,"buddy4study scholarship 2024",3600,"₹32.36",1,48
153,"post matric scholarship cg login",2400,"₹0.00",1,48
154,"scholarship portal",246000,"₹50.79",1,48
155,"scholarship up",4090000,"₹62.48",1,48
156,"scholarship for engineering students",3600,"₹92.60",27,47
157,"scholarship for pg students",2400,"₹71.02",19,47
158,"scholarship letter",480,"₹0.00",1,47
159,"up scholarship 24 25",1900,"₹0.00",1,47
160,"up scholarship login fresh",2400,"₹0.00",1,47
161,"up scholarship status 23 24",5400,"₹0.00",1,47
162,"scholarship engineering",1000,"₹116.87",47,46
163,"scholarship after 12th",1600,"₹67.43",14,46
164,"nmmss scholarship apply online",1900,"₹97.09",2,46
165,"scholarship buddy",320,"₹119.57",2,46
166,"cg scholarship portal login",6600,"₹54.84",1,46
167,"scholarship up gov in status 2025",4400,"₹4.50",1,46
168,"ugc scholarship portal",1900,"₹28.77",1,46
169,"scholarship 11th class",1900,"₹80.01",44,45
170,"graduation scholarship",8100,"₹85.41",2,45
171,"mahadbt login scholarship",8100,"₹0.00",1,45
172,"pm scholarship 2024",2400,"₹0.00",1,45
173,"scholarship result 2025",14800,"₹24.27",1,45
174,"scholarship status",90500,"₹33.71",1,45
175,"scholarship up gov in registration 2024",2400,"₹0.00",1,45
176,"national overseas scholarship",3600,"₹89.90",31,44
177,"scholarship private",320,"₹88.10",19,44
178,"post matric scholarship cg nic in",2900,"₹0.00",1,44
179,"scholarship certificate",390,"₹107.88",1,44
180,"scholarship logo",590,"₹0.00",1,44
181,"scholarship yojana",1300,"₹46.75",7,43
182,"bsc scholarship last date 2025",2400,"₹54.84",1,43
183,"central sector scholarship scheme 2025",2400,"₹127.66",1,43
184,"cm scholarship portal",3600,"₹0.00",1,43
185,"scholarship documents list",1000,"₹0.00",1,43
186,"scholarship names",320,"₹80.01",1,43
187,"scholarship national portal",201000,"₹35.06",1,43
188,"scholarship result 2025",12100,"₹40.46",1,43
189,"scholarship exam",6600,"₹26.07",30,42
190,"nmms scholarship portal",2900,"₹71.02",2,42
191,"nmms scholarship 2025",8100,"₹74.62",1,42
192,"nsp scholarship amount for ug students",2900,"₹0.00",1,42
193,"scholarship otr",2400,"₹40.46",1,42
194,"scholarship post matric",550000,"₹42.25",1,42
195,"scholarship 12th class",1600,"₹71.92",20,41
196,"pms scholarship 2025",22200,"₹80.91",1,41
197,"scholarship biometric last date 2025",260,"₹0.00",1,41
198,"scholarship test",2900,"₹23.37",41,40
199,"scholarship for btech students",3600,"₹68.32",19,40
200,"scholarship for pg students",2400,"₹71.02",19,40
201,"csc scholarship",2400,"₹112.38",9,40
202,"buddy for study scholarship",5400,"₹62.03",5,40
203,"otr scholarship",5400,"₹50.34",2,40
204,"nsp scholarship amount",1900,"₹26.97",1,40
205,"pms scholarship status",2900,"₹0.00",1,40
206,"sje scholarship",6600,"₹72.82",1,40
207,"class 10 scholarship",3600,"₹30.57",8,39
208,"pm scholarship 2025",1900,"₹54.84",4,39
209,"amazon future engineer scholarship",2400,"₹39.56",3,39
210,"national scholarship for post graduate studies",2400,"₹88.10",2,39
211,"nmms scholarship apply online",1900,"₹71.02",2,39
212,"cg post matric scholarship 2024",4400,"₹0.00",1,39
213,"post matric scholarship login",4400,"₹0.00",1,39
214,"scholarship gov in up",4400,"₹19.78",1,39
215,"scholarship rajasthan",1300,"₹90.80",1,39
216,"buddy4study.com scholarship",1900,"₹65.63",23,38
217,"felix scholarship",1900,"₹113.27",21,38
218,"scholarship iti",5400,"₹56.64",3,38
219,"graduation scholarship 2025",8100,"₹118.67",2,38
220,"cgpost matric scholarship 2025",2400,"₹0.00",1,38
221,"kerala lss uss scholarship result",6600,"₹0.00",1,38
222,"nsp scholarship status check",3600,"₹0.00",1,38
223,"post matric scholarship last date",12100,"₹0.00",1,38
224,"post matric scholarship sc & st",2400,"₹80.01",1,38
225,"scholarship rajasthan gov in status",3600,"₹0.00",1,38
226,"gks scholarship",5400,"₹23.37",18,37
227,"inlaks scholarship",3600,"₹71.02",10,37
228,"scholarship for medical students",880,"₹97.99",9,37
229,"scholarship for 12th passed students by government",4400,"₹43.15",4,37
230,"scholarship iti",5400,"₹56.64",3,37
231,"reliance scholarship 2024",4400,"₹15.28",2,37
232,"bright futures scholarship login",6600,"₹0.00",1,37
233,"dhe scholarship",4400,"₹71.92",1,37
234,"iti scholarship 2025",2900,"₹146.54",1,37
235,"nsp national scholarship portal",2900,"₹89.90",1,37
236,"scholarship helpline number",1600,"₹0.00",1,37
237,"scholarship up gov in registration 2024 25",9900,"₹17.08",1,37
238,"scholarship 8th class",480,"₹30.57",14,36
239,"scholarship reliance foundation org",2900,"₹43.15",8,36
240,"scholarship db",320,"₹65.63",5,36
241,"scholarship haryana",12100,"₹58.44",3,36
242,"matric scholarship",2400,"₹96.19",1,36
243,"reliance foundation scholarship login",5400,"₹22.48",1,36
244,"reliance scholarship login",3600,"₹3.60",1,36
245,"scholarship hat",720,"₹82.26",1,36
246,"scholarship required documents",720,"₹0.00",1,36
247,"scholarship wbsed gov in result",2400,"₹0.00",1,36
248,"ts scholarship amount release date",2400,"₹0.00",1,36
249,"5th scholarship result 2025",2900,"₹0.00",1,36
250,"scholarship application 2025",90,"₹91.25",72,35
251,"nmmss scholarship",4400,"₹66.53",7,35
252,"scholarship in karnataka",1600,"₹73.72",5,35
253,"graduation scholarship 2024",1900,"₹101.59",1,35
254,"licindia.in scholarship 2024",6600,"₹0.00",1,35
255,"nsp scholarship form",2400,"₹16.18",1,35
256,"otr registration scholarship",2400,"₹391.07",1,35
257,"scholarship documents",1600,"₹62.93",1,35
258,"scholarship hindi",390,"₹0.00",1,35
259,"scholarship letter request",480,"₹0.00",1,35
260,"ug merit scholarship",2900,"₹44.95",1,35
261,"10th scholarship 2025 last date",2900,"₹41.35",1,35
262,"scholarship in germany",1300,"₹114.17",69,34
263,"scholarship in uk for indian students",2400,"₹155.53",64,34
264,"scholarship test",2900,"₹23.37",41,34
265,"ntse scholarship",2900,"₹40.46",22,34
266,"scholarships360",70,"₹25.62",8,34
267,"12th pass scholarship",1900,"₹52.14",4,34
268,"class 10 scholarship 2025",2900,"₹47.65",2,34
269,"cg post matric scholarship 2025",3600,"₹0.00",1,34
270,"epass scholarship status",3600,"₹0.00",1,34
271,"harchhatravratti scholarship",9900,"₹240.03",1,34
272,"haryana scholarship portal",1900,"₹39.56",1,34
273,"https licindia in scholarship",2400,"₹0.00",1,34
274,"labour scholarship",5400,"₹58.44",1,34
275,"scholarship 8th",320,"₹32.36",1,34
276,"scholarship otr",2400,"₹40.46",1,34
277,"scholarship otr registration",4400,"₹71.92",1,34
278,"scholarship up gov in",165000,"₹45.40",1,34
279,"swami vivekananda scholarship 2024",6600,"₹0.00",1,34
280,"10th scholarship 2025",22200,"₹106.08",1,34
281,"12th scholarship 2025 status check",2400,"₹0.00",1,34
282,"scholarship btech students",2900,"₹56.64",64,33
283,"scholarship test for class 11",1000,"₹41.35",36,33
284,"scholarship exam for class 7",260,"₹16.18",28,33
285,"life's good scholarship",3600,"₹44.95",9,33
286,"nmms scholarship for class 8",4400,"₹53.94",2,33
287,"bihar scholarship portal",2400,"₹69.22",1,33
288,"national scholarship portal last date",4400,"₹22.48",1,33
289,"post matric scholarship to obc students",1900,"₹39.56",1,33
290,"scholarship kya hota hai",1000,"₹0.00",1,33
291,"swami vivekananda scholarship last date",6600,"₹0.00",1,33
292,"up scholarship 2024 25 start date",4400,"₹0.00",1,33
293,"yuva unstoppable scholarship",2400,"₹26.52",1,33
294,"scholarship for students",14800,"₹73.27",47,32
295,"scholarship test for class 10",1900,"₹32.36",34,32
296,"fulbright nehru scholarship",1900,"₹106.08",20,32
297,"lpu scholarship",2400,"₹80.91",2,32
298,"bihar graduation scholarship 50000 status check",6600,"₹0.00",1,32
299,"dr br ambedkar scholarship portal",1900,"₹0.00",1,32
300,"lic scholarship 2024 apply online",2900,"₹0.00",1,32
301,"nsp scholarship apply online",6600,"₹67.43",1,32
302,"otr up scholarship",5400,"₹19.78",1,32
303,"post matric scholarship sc st",3600,"₹21.58",1,32
304,"scholarship prize money",6600,"₹0.00",1,32
305,"scholarship registration up",3600,"₹17.98",1,32
306,"scholarship up last date 2025",320,"₹0.00",1,32
307,"svmcm scholarship status check",14800,"₹0.00",1,32
308,"up scholarship last date 2025",3600,"₹18.88",1,32
309,"scholarship exam for class 10",1900,"₹61.13",60,31
310,"scholarship apply link",30,"₹35.51",57,31
311,"scholarship degree",880,"₹89.00",42,31
312,"scholarships for students",18100,"₹37.31",40,31
313,"scholarship test for class 9",1000,"₹39.56",34,31
314,"scholarship for engineering students",3600,"₹89.00",17,31
315,"gks scholarship 2025",6600,"₹82.71",15,31
316,"scholarship 10th pass 2025",3600,"₹47.65",2,31
317,"scholarship paper",1000,"₹35.96",2,31
318,"chief minister scholarship",5400,"₹51.24",1,31
319,"haryana sc bc scholarship online status check",6600,"₹0.00",1,31
320,"hr chatravriti scholarship",6600,"₹71.92",1,31
321,"labour welfare scholarship",3600,"₹126.76",1,31
322,"lic scholarship 2024",5400,"₹0.00",1,31
323,"lic scholarship 2024 last date",1900,"₹0.00",1,31
324,"north south foundation scholarship",6600,"₹47.65",1,31
325,"scholarship helpline number up",1900,"₹0.00",1,31
326,"scholarship nmms",40500,"₹49.89",1,31
327,"scholarship spelling",1000,"₹0.00",1,31
328,"scholarship up government",8100,"₹272.40",1,31
329,"svmcm scholarship status check 2025",2400,"₹0.00",1,31
330,"swami vivekananda scholarship status check",8100,"₹145.64",1,31
331,"ts scholarship",4400,"₹57.54",1,31
332,"up scholarship 2025",74000,"₹57.54",1,31
333,"www scholarship odisha gov in",4400,"₹19.78",1,31
334,"aicte scholarship",5400,"₹52.14",5,30
335,"scholarships for students in karnataka 2025",480,"₹50.34",5,30
336,"sc st obc scholarship 2025",22200,"₹28.77",2,30
337,"pfms scholarship status 2025",8100,"₹0.00",1,30
338,"scholarship documents required",590,"₹21.58",1,30
339,"scholarship exam questions and answers pdf",480,"₹133.05",1,30
340,"scholarship ka matlab",590,"₹0.00",1,30
341,"scholarship kab tak aayega 2025",2900,"₹0.00",1,30
342,"scholarship renewal documents",260,"₹0.00",1,30
343,"scholarship up gov in 2025",320,"₹48.55",1,30
344,"swami vivekananda scholarship 2024 last date",3600,"₹0.00",1,30
345,"up scholarship com",5400,"₹66.53",1,30
346,"scholarship diploma students",720,"₹88.10",16,29
347,"scholarship for 12th passed students by government",4400,"₹44.05",6,29
348,"life good scholarship",2400,"₹27.87",5,29
349,"scholarship exam date 2025",2400,"₹32.36",4,29
350,"scholarship exam date 2025",2400,"₹23.37",2,29
351,"ba scholarship 2025",3600,"₹105.18",1,29
352,"central sector scholarship scheme",6600,"₹74.62",1,29
353,"mahadbt scholarship last date",6600,"₹35.96",1,29
354,"obc scholarship 2025",2400,"₹123.16",1,29
355,"scholarship hindi meaning",3600,"₹0.00",1,29
356,"scholarship kya hai",320,"₹0.00",1,29
357,"scholarship portal rajasthan",8100,"₹80.01",1,29
358,"scholarship question paper",390,"₹0.00",1,29
359,"up scholarship fresh login",3600,"₹0.00",1,29
360,"up scholarship login renewal",2900,"₹0.00",1,29
361,"scholarship in germany for indian students",1600,"₹108.33",74,28
362,"sbi scholarship",6600,"₹89.00",2,28
363,"scholarship 10th pass 2025",3600,"₹47.65",2,28
364,"har chatravriti scholarship 2024",5400,"₹0.00",1,28
365,"nsp scholarship last date 2025",3600,"₹0.00",1,28
366,"scholarship in hindi",2900,"₹0.00",1,28
367,"scholarship question paper 2024",260,"₹0.00",1,28
368,"ssp post matric scholarship 2025",2900,"₹0.00",1,28
369,"up scholarship official website",2900,"₹0.00",1,28
370,"vahani scholarship",2900,"₹19.78",1,28
371,"www up scholarship gov in",2400,"₹8.99",1,28
372,"scholarship 9th class",90,"₹32.81",45,27
373,"scholarship for btech students",3600,"₹71.92",35,27
374,"scholarship quiz",50,"₹15.28",28,27
375,"mhrd scholarship",1900,"₹84.51",4,27
376,"icai scholarship",1900,"₹46.75",1,27
377,"nsp scholarship payment status",3600,"₹0.00",1,27
378,"pfms bank balance check scholarship",8100,"₹0.00",1,27
379,"scholarship jacket",320,"₹0.00",1,27
380,"scholarship mp",720,"₹50.34",1,27
381,"scholarship odisha",27100,"₹69.67",1,27
382,"scholarship status check",49500,"₹0.00",1,27
383,"scholarship wbsed gov in",2900,"₹50.34",1,27
384,"ssp post matric scholarship 2025 26",9900,"₹0.00",1,27
385,"ssp post matric scholarship status",5400,"₹0.00",1,27
386,"svmcm scholarship disbursement",1900,"₹0.00",1,27
387,"telangana scholarship status",8100,"₹0.00",1,27
388,"up scholarship status 2024 25",3600,"₹26.07",1,27
389,"scholarship link 2025",70,"₹30.12",43,26
390,"scholarship 2026",170,"₹39.56",25,26
391,"scholarship owl",140,"₹41.80",24,26
392,"scholarship reliance foundation",260,"₹23.37",4,26
393,"cfa scholarship",6600,"₹125.86",3,26
394,"auro scholarship",5400,"₹0.00",1,26
395,"harchhatravratti scholarship status",1900,"₹0.00",1,26
396,"how to check scholarship status ts",1900,"₹0.00",1,26
397,"ksb scholarship login",3600,"₹0.00",1,26
398,"labour card scholarship 2024",2400,"₹0.00",1,26
399,"mscepune.in scholarship result 2025 merit list",4400,"₹0.00",1,26
400,"post matric scholarship amount",3600,"₹0.00",1,26
401,"scholarship gujarat",12100,"₹43.15",1,26
402,"scholarship in hindi meaning",320,"₹0.00",1,26
403,"swami vivekananda scholarship 2025 last date",5400,"₹0.00",1,26
404,"pw scholarship",2400,"₹6.29",30,25
405,"scholarship manipal",10,"₹0.00",22,25
406,"scholarship application",5400,"₹20.68",19,25
407,"kc mahindra scholarship",1900,"₹53.04",9,25
408,"scholarship form",18100,"₹24.72",6,25
409,"bonafide scholarship",5400,"₹72.82",2,25
410,"chhattisgarh scholarship",1900,"₹31.47",1,25
411,"lic scholarship apply online 2024",3600,"₹134.85",1,25
412,"msce pune scholarship result 2025",1900,"₹0.00",1,25
413,"scholarship 2.0",22200,"₹98.44",1,25
414,"scholarship category in nsp",390,"₹0.00",1,25
415,"up scholarship registration",4400,"₹42.25",1,25
416,"online form scholarship",3600,"₹15.28",30,24
417,"scholarship btech",1900,"₹42.70",19,24
418,"scholarship 9th",70,"₹17.98",18,24
419,"scholarship for degree students in karnataka 2025",480,"₹84.51",10,24
420,"scholarship maharashtra",3600,"₹44.05",2,24
421,"atul maheshwari scholarship",9900,"₹113.27",1,24
422,"bihar scholarship 2025",4400,"₹68.32",1,24
423,"har chatravriti scholarship status",2400,"₹0.00",1,24
424,"msce pune scholarship result link",5400,"₹0.00",1,24
425,"odisha state scholarship portal 2024",1900,"₹0.00",1,24
426,"pfms up scholarship",4400,"₹15.28",1,24
427,"samaj kalyan scholarship maharashtra",4400,"₹0.00",1,24
428,"scholarship helpline number obc",320,"₹0.00",1,24
429,"scholarship jindal",18100,"₹34.16",1,24
430,"www mscepune in scholarship result 2025 5th class",4400,"₹0.00",1,24
431,"aakash scholarship test 2025",2900,"₹73.72",72,23
432,"scholarship 2025 karnataka",10,"₹26.52",33,23
433,"scholarship 365",90,"₹39.11",14,23
434,"scholarship of karnataka",1900,"₹55.74",13,23
435,"scholarship online",5400,"₹17.53",11,23
436,"bharti airtel scholarship",14800,"₹40.46",10,23
437,"bihar scholarship",8100,"₹40.01",9,23
438,"pm scholarship scheme",3600,"₹43.15",3,23
439,"reliance scholarship 2025",6600,"₹14.38",3,23
440,"jvd scholarship status",2900,"₹0.00",1,23
441,"labour card scholarship odisha",3600,"₹0.00",1,23
442,"mahabocw scholarship status check",5400,"₹0.00",1,23
443,"meaning of scholarship in hindi",3600,"₹0.00",1,23
444,"mysy scholarship login",2900,"₹0.00",1,23
445,"post matric scholarship bihar status check",3600,"₹0.00",1,23
446,"scholarship 5th standard",480,"₹0.00",1,23
447,"scholarship login",18100,"₹31.91",1,23
448,"scholarship job",50,"₹19.33",10,22
449,"cfa scholarship window",1900,"₹142.04",3,22
450,"nsp scholarship apply",1900,"₹44.05",2,22
451,"digital gujarat scholarship portal",3600,"₹0.00",1,22
452,"ffe scholarship",9900,"₹116.87",1,22
453,"inter scholarship 2025",6600,"₹79.11",1,22
454,"lic golden jubilee scholarship",8100,"₹47.65",1,22
455,"msce pune scholarship 2025",4400,"₹0.00",1,22
456,"mysy scholarship last date",3600,"₹0.00",1,22
457,"nagaland scholarship portal",2400,"₹0.00",1,22
458,"prize money scholarship 2025",12100,"₹115.07",1,22
459,"scholarship declaration form",1900,"₹0.00",1,22
460,"scholarship kab tak aayega 2025",3600,"₹0.00",1,22
461,"scholarship minority",14800,"₹65.18",1,22
462,"scholarship nsp",550000,"₹89.00",1,22
463,"scholarship portal karnataka",260,"₹0.00",1,22
464,"scholarship application for degree students",70,"₹87.65",50,21
465,"scholarship for engineering students in karnataka",590,"₹60.23",9,21
466,"scholarship karnataka",880,"₹93.50",4,21
467,"nsp scholarship 2025 apply online",6600,"₹46.75",2,21
468,"scholarship bihar 2025",1600,"₹79.11",2,21
469,"azim premji scholarship apply online 2025",9900,"₹99.79",1,21
470,"bihar post matric scholarship 2025",5400,"₹0.00",1,21
471,"jharkhand e kalyan scholarship",2400,"₹0.00",1,21
472,"lic scholarship",8100,"₹33.26",1,21
473,"pfms nic in scholarship",2400,"₹15.28",1,21
474,"pm scholarship bihar",4400,"₹78.21",1,21
475,"punjab scholarship login",3600,"₹0.00",1,21
476,"scholarship bihar",9900,"₹42.70",1,21
477,"scholarship in kannada",260,"₹0.00",1,21
478,"scholarship mahadbt",2900,"₹0.00",1,21
479,"scholarship meaning in urdu",590,"₹0.00",1,21
480,"scholarship question paper class 8",260,"₹0.00",1,21
481,"swami vivekananda scholarship 2025",2900,"₹41.35",1,21
482,"ts epass scholarship status",5400,"₹0.00",1,21
483,"pw scholarship test 2025",12100,"₹30.57",64,20
484,"scholarship online apply 2025",10,"₹21.58",48,20
485,"pw scholarship test",6600,"₹9.89",38,20
486,"www buddy4study com scholarship",2400,"₹71.92",28,20
487,"scholarship for mbbs students",1900,"₹109.68",20,20
488,"scholarship ug students",2900,"₹57.09",20,20
489,"scholarship exams after 12th",1000,"₹39.56",16,20
490,"yrp foundation scholarship",2400,"₹51.24",12,20
491,"scholarship 5000",50,"₹0.00",5,20
492,"scholarship zambia",10,"₹0.00",5,20
493,"scholarship 10th",2400,"₹21.13",4,20
494,"scholarship 10th",2900,"₹23.82",4,20
495,"scholarship 50",10,"₹0.00",4,20
496,"scholarship qualification",10,"₹0.00",4,20
497,"sbi scholarship 2025 apply online",3600,"₹48.55",3,20
498,"access scholarship cfa",5400,"₹174.41",2,20
499,"lic golden jubilee scholarship apply online",3600,"₹37.76",2,20
500,"pmsss scholarship",1900,"₹39.56",2,20
501,"scholarship gov in 2025 maharashtra",1900,"₹58.44",2,20
502,"atul maheshwari scholarship 2025",6600,"₹119.57",1,20
503,"bihar board scholarship 2025",2400,"₹10.79",1,20
504,"bits scholarship",2900,"₹45.85",1,20
505,"digital gujarat scholarship 2024",4400,"₹0.00",1,20
506,"digital gujarat scholarship 2025",3600,"₹42.25",1,20
507,"digital gujarat scholarship for obc students",1900,"₹23.37",1,20
508,"ebc scholarship",6600,"₹86.30",1,20
509,"eligibility for inspire scholarship",2400,"₹0.00",1,20
510,"epass scholarship telangana",9900,"₹0.00",1,20
511,"golden jubilee scholarship scheme",2400,"₹21.58",1,20
512,"hdfc bank scholarship 2025",5400,"₹113.27",1,20
513,"hdfc parivartan scholarship 2025",1900,"₹87.20",1,20
514,"hdfc scholarship 2025 last date",4400,"₹0.00",1,20
515,"klwb scholarship",2900,"₹0.00",1,20
516,"krishi vidya nidhi yojana scholarship amount",1900,"₹0.00",1,20
517,"lic golden jubilee scholarship 2024",4400,"₹823.49",1,20
518,"made easy scholarship test previous year question papers",8100,"₹0.00",1,20
519,"mp scholarship portal login",1900,"₹0.00",1,20
520,"post matric scholarship ssp",2400,"₹0.00",1,20
521,"rtf full form in scholarship",2400,"₹0.00",1,20
522,"sc st obc scholarship",4400,"₹28.77",1,20
523,"0bc scholarship",9900,"₹25.17",1,20
524,"scholarship test pw",260,"₹32.36",62,19
525,"pw sat scholarship test 2025",5400,"₹24.27",54,19
526,"scholarship for mbbs students",1900,"₹109.68",20,19
527,"jai jawan scholarship lpu",2900,"₹46.75",12,19
528,"scholarship 12th pass 2025",1900,"₹35.96",5,19
529,"scholarship 7th",90,"₹26.07",3,19
530,"scholarship buddy4study",140,"₹32.36",3,19
531,"scholarship gov",1600,"₹31.91",3,19
532,"scholarship govt.com",1900,"₹31.47",3,19
533,"naan mudhalvan upsc scholarship 2025",2900,"₹35.06",2,19
534,"scholarship benefits",170,"₹0.00",2,19
535,"scholarship ka form kaise bhare",390,"₹17.98",2,19
536,"scholarship universe",90,"₹0.00",2,19
537,"scholarship vidyasaarathi",30,"₹0.00",2,19
538,"bc ebc scholarship",2400,"₹26.07",1,19
539,"digital gujarat scholarship form",4400,"₹57.54",1,19
540,"food bill scholarship",2900,"₹0.00",1,19
541,"gujarat portal scholarship",4400,"₹44.95",1,19
542,"hdfc bank parivartan scholarship",9900,"₹32.36",1,19
543,"hdfc scholarship official website",2400,"₹27.87",1,19
544,"last date of nsp scholarship 2025",1900,"₹0.00",1,19
545,"lic golden jubilee scholarship 2025 application form",4400,"₹73.72",1,19
546,"lic golden jubilee scholarship 2025 last date",2400,"₹83.61",1,19
547,"lic golden jubilee scholarship scheme 2025",2900,"₹33.26",1,19
548,"mptaas scholarship login",1900,"₹0.00",1,19
549,"nsp scholarship 2025",201000,"₹70.12",1,19
550,"nsp scholarship application status 2025",4400,"₹0.00",1,19
551,"nsp scholarship renewal",2400,"₹0.00",1,19
552,"pm scholarship scheme 2025",3600,"₹89.00",1,19
553,"post matric scholarship 2025 last date",3600,"₹0.00",1,19
554,"post matric scholarship odisha last date",9900,"₹0.00",1,19
555,"pragati scholarship apply online 2025",2900,"₹126.76",1,19
556,"pre matric scholarship odisha",2400,"₹46.75",1,19
557,"scholarship 3.0",70,"₹0.00",1,19
558,"scholarship 5th",170,"₹0.00",1,19
559,"scholarship category",170,"₹0.00",1,19
560,"scholarship hdfc",140,"₹0.00",1,19
561,"scholarship in hindi",2900,"₹0.00",1,19
562,"scholarship kannada meaning",480,"₹0.00",1,19
563,"scholarship ke liye documents",720,"₹0.00",1,19
564,"scholarship meaning",4400,"₹0.00",1,19
565,"scholarship office",140,"₹0.00",1,19
566,"scholarship portal mp",22200,"₹19.33",1,19
567,"scholarship reliance",90,"₹0.00",1,19
568,"scholarship sbi",70,"₹0.00",1,19
569,"ssp karnataka gov in scholarship 2024",4400,"₹17.08",1,19
570,"ssp scholarship application",2900,"₹33.26",1,19
571,"up scholarship correction",2400,"₹0.00",1,19
572,"what is post matric scholarship",1900,"₹0.00",1,19
573,"0ngc scholarship",30,"₹0.00",1,19
574,"unacademy scholarship test",2900,"₹83.61",67,18
575,"motion scholarship test",5400,"₹8.09",43,18
576,"scholarship test online free",210,"₹19.33",42,18
577,"scholarship yojana apply online",50,"₹15.28",42,18
578,"scholarship test for allen",260,"₹53.04",32,18
579,"sports scholarship ongc co in",2400,"₹47.65",15,18
580,"golden jubilee scholarship scheme 2025",4400,"₹60.23",4,18
581,"aicte pragati scholarship",2900,"₹84.51",2,18
582,"ignou scholarship",1900,"₹86.30",2,18
583,"jindal scholarship 2025",6600,"₹64.73",2,18
584,"sbi asha scholarship",6600,"₹37.76",2,18
585,"sbi asha scholarship 2025 apply online",2900,"₹65.63",2,18
586,"azim premji scholarship last date",2900,"₹53.04",1,18
587,"ccrt scholarship",2900,"₹116.87",1,18
588,"dr br ambedkar scholarship",12100,"₹61.13",1,18
589,"golden jubilee scholarship",6600,"₹76.42",1,18
590,"last date for ssp scholarship 2025",2400,"₹0.00",1,18
591,"medhasoft 10th scholarship 2025",12100,"₹82.71",1,18
592,"medhasoft 12th scholarship 2025",5400,"₹93.50",1,18
593,"medhasoft check status graduation scholarship",4400,"₹0.00",1,18
594,"ongc scholarship 2025",1900,"₹70.12",1,18
595,"pfms scholarship status check",3600,"₹0.00",1,18
596,"pms scholarship haryana",2900,"₹0.00",1,18
597,"post matric scholarship bc ebc",2400,"₹0.00",1,18
598,"punjab scholarship portal",8100,"₹46.75",1,18
599,"scholarship 0.2",50,"₹0.00",1,18
600,"scholarship govt in 2025",40500,"₹28.32",1,18
601,"scholarship id",140,"₹0.00",1,18
602,"scholarship kannada",40,"₹0.00",1,18
603,"scholarship last date",18100,"₹27.87",1,18
604,"scholarship mahiti",20,"₹0.00",1,18
605,"scholarship meaning in tamil",4400,"₹0.00",1,18
606,"scholarship voucher",30,"₹0.00",1,18
607,"scholarship what",2400,"₹0.00",1,18
608,"scholarship zone",10,"₹0.00",1,18
609,"ssp pre matric scholarship 2025",2900,"₹0.00",1,18
610,"ssp pre matric scholarship 2025 26",4400,"₹0.00",1,18
611,"ssp scholarship last date 2025",2400,"₹0.00",1,18
612,"www mscepune in scholarship result 2025 8th class",5400,"₹0.00",1,18
613,"scholarship class 10",3600,"₹19.33",9,17
614,"asha scholarship",2400,"₹58.44",7,17
615,"l'oréal india scholarship",2400,"₹61.13",3,17
616,"aicte pragati scholarship 2025",1900,"₹89.90",2,17
617,"azim premji foundation scholarship",6600,"₹117.77",2,17
618,"infosys scholarship",2400,"₹71.92",2,17
619,"pm yashasvi scholarship 2025",3600,"₹108.78",2,17
620,"digital gujarat portal scholarship",2400,"₹0.00",1,17
621,"digital gujarat scholarship last date",5400,"₹0.00",1,17
622,"e grantz scholarship amount",1900,"₹0.00",1,17
623,"ishan uday scholarship 2025",4400,"₹20.68",1,17
624,"ksb scholarship",2400,"₹83.61",1,17
625,"mahajyoti scholarship",3600,"₹0.00",1,17
626,"meaning of post matric scholarship",2900,"₹0.00",1,17
627,"mptaas scholarship portal",2900,"₹0.00",1,17
628,"nsp scholarship merit list 2025",1900,"₹0.00",1,17
629,"ongc scholarship 2024",1900,"₹0.00",1,17
630,"pfms scholarship status",9900,"₹0.00",1,17
631,"scholar 0",0,"₹0.00",1,17
632,"scholar 0.4",0,"₹0.00",1,17
633,"scholarship 025",0,"₹0.00",1,17
634,"scholarship 0tr",0,"₹0.00",1,17
635,"scholarship 3000",0,"₹0.00",1,17
636,"scholarship 40000",0,"₹0.00",1,17
637,"scholarship 48000",0,"₹0.00",1,17
638,"scholarship 6000",0,"₹0.00",1,17
639,"scholarship 60000",0,"₹0.00",1,17
640,"scholarship 65",0,"₹0.00",1,17
641,"scholarship 66",0,"₹0.00",1,17
642,"scholarship 8000",0,"₹0.00",1,17
643,"scholarship mahe",0,"₹0.00",1,17
644,"scholarship nitk",0,"₹0.00",1,17
645,"scholarship xavier",0,"₹0.00",1,17
646,"scholarship xerox",0,"₹0.00",1,17
647,"scholarship xi",0,"₹0.00",1,17
648,"scholarship xiamen",0,"₹0.00",1,17
649,"scholarship xjtlu",0,"₹0.00",1,17
650,"scholarship xlri",0,"₹0.00",1,17
651,"scholarship xmum",0,"₹0.00",1,17
652,"scholarship xu",0,"₹0.00",1,17
653,"scholarship xula",0,"₹0.00",1,17
654,"scholarship yuva",0,"₹0.00",1,17
655,"scholarship zakat",0,"₹0.00",1,17
656,"scholarship zeta",0,"₹0.00",1,17
657,"scholarship zurich",0,"₹0.00",1,17
658,"sslc prize money scholarship 2025",2400,"₹0.00",1,17
659,"ssp portal scholarship",2900,"₹0.00",1,17
660,"ssp scholarship 2025 last date",8100,"₹0.00",1,17
661,"0ms scholarship",0,"₹0.00",1,17
662,"scholarship website for students",90,"₹57.09",36,16
663,"scholarship program for students",140,"₹36.41",35,16
664,"scholarship 12th pass",90,"₹12.59",9,16
665,"scholarship 9th 10th",20,"₹0.00",8,16
666,"abdul kalam scholarship",3600,"₹20.68",4,16
667,"airtel scholarship",2400,"₹33.26",4,16
668,"sbi platinum jubilee asha scholarship 2025",9900,"₹44.95",4,16
669,"aiysee scholarship",2400,"₹71.92",3,16
670,"aicte pg scholarship",2400,"₹36.86",1,16
671,"aikyashree scholarship 2025",8100,"₹0.00",1,16
672,"barti scholarship 2025",3600,"₹26.07",1,16
673,"bihar board 10th scholarship 2025",2900,"₹0.00",1,16
674,"bonafide certificate for scholarship",2400,"₹0.00",1,16
675,"digital gujarat scholarship status",8100,"₹0.00",1,16
676,"dr ambedkar scholarship portal freeship card",2400,"₹0.00",1,16
677,"haryana chatravriti scholarship",8100,"₹0.00",1,16
678,"jkbocw scholarship",2400,"₹0.00",1,16
679,"joseph mundassery scholarship",5400,"₹0.00",1,16
680,"mahadbt post matric scholarship",6600,"₹0.00",1,16
681,"medhasoft 10th scholarship 2024",2900,"₹39.56",1,16
682,"medhavi scholarship",12100,"₹86.30",1,16
683,"mp post matric scholarship",2400,"₹0.00",1,16
684,"msce pune scholarship 2025 result",3600,"₹0.00",1,16
685,"nabanna scholarship status check",3600,"₹0.00",1,16
686,"nirman shramik kalyan yojana scholarship",2400,"₹34.16",1,16
687,"nsp scholarship 2025 last date",8100,"₹60.23",1,16
688,"nsp scholarship eligibility",6600,"₹0.00",1,16
689,"nsp scholarship payment date 2025",2400,"₹0.00",1,16
690,"scholarship nagaland",1600,"₹0.00",1,16
691,"scholarship west bengal",9900,"₹40.46",1,16
692,"sirish scholarship",3600,"₹0.00",1,16
693,"up scholarship otr",5400,"₹33.26",1,16
694,"up scholarship otr registration",2900,"₹37.76",1,16
695,"12th pass scholarship 2025 bihar",2900,"₹21.58",1,16
696,"scholarship how to apply",2400,"₹18.88",31,15
697,"scholarship government 2025",10,"₹17.98",6,15
698,"scholarship hdfc bank",20,"₹0.00",6,15
699,"scholarship updates 2025",170,"₹25.17",6,15
700,"xylem scholarship exam",30,"₹0.00",6,15
701,"scholarship 5th class",50,"₹0.00",5,15
702,"scholarship nsp 2025",30,"₹26.07",5,15
703,"tata scholarship 2025",8100,"₹46.75",5,15
704,"scholarship 7 class",40,"₹0.00",4,15
705,"scholarship 9 10",50,"₹8.99",4,15
706,"scholarship checking app",50,"₹0.00",4,15
707,"scholarship notification 2025",50,"₹25.17",4,15
708,"scholarship pre matric",140,"₹0.00",4,15
709,"scholarship questions",260,"₹1.80",4,15
710,"scholarship sbi 2025",20,"₹53.49",4,15
711,"azim premji scholarship apply online",4400,"₹79.11",3,15
712,"scholarship 50000",1000,"₹123.16",2,15
713,"vidyadhan scholarship 2025",8100,"₹70.12",2,15
714,"aikyashree scholarship 2024 last date",2900,"₹0.00",1,15
715,"azim premji scholarship 2025 eligibility criteria",4400,"₹48.55",1,15
716,"azim premji scholarship 2025 last date",2400,"₹45.85",1,15
717,"azim premji scholarship login",4400,"₹162.72",1,15
718,"dr ambedkar scholarship punjab",2400,"₹0.00",1,15
719,"e medhabruti scholarship",6600,"₹38.66",1,15
720,"k3 scholarship",2400,"₹0.00",1,15
721,"mmvy scholarship",5400,"₹0.00",1,15
722,"mptaas scholarship 2025 last date",1900,"₹0.00",1,15
723,"savitribai phule scholarship",2400,"₹35.06",1,15
724,"sbi scholarship 2024",8100,"₹268.80",1,15
725,"scholarship canara bank",2900,"₹0.00",1,15
726,"scholarship canara bank",2900,"₹0.00",1,15
727,"scholarship jharkhand",3600,"₹64.73",1,15
728,"scholarship up gov in registration",33100,"₹27.87",1,15
729,"vidya samunnathi scholarship",3600,"₹259.81",1,15
730,"www ksb gov in scholarship",3600,"₹20.68",1,15
731,"yashasvi scholarship 2025",2400,"₹117.77",1,15
732,"scholarship japan for international students",20,"₹0.00",28,14
733,"scholarship websites in india",30,"₹28.77",28,14
734,"jharkhand scholarship",3600,"₹80.91",8,14
735,"bharti airtel scholarship program 2025 26",2400,"₹41.35",7,14
736,"scholarship 6th standard",10,"₹0.00",3,14
737,"scholarship wala form",50,"₹0.00",3,14
738,"scholarship 5 class",70,"₹0.00",2,14
739,"scholarship 6th class",30,"₹0.00",2,14
740,"scholarship 7th standard",50,"₹0.00",2,14
741,"scholarship counselling number",10,"₹0.00",2,14
742,"scholarship new update",140,"₹0.00",2,14
743,"tata pankh scholarship 2024",4400,"₹0.00",2,14
744,"canara scholarship",3600,"₹29.67",1,14
745,"gp birla scholarship",1900,"₹44.95",1,14
746,"jharkhand state scholarship",3600,"₹52.14",1,14
747,"karnataka labour welfare board scholarship",1900,"₹22.48",1,14
748,"last date for ssp scholarship 2024",1900,"₹0.00",1,14
749,"margadeepam scholarship",9900,"₹0.00",1,14
750,"msce pune scholarship",2400,"₹53.04",1,14
751,"oasis scholarship amount",4400,"₹57.54",1,14
752,"panjabrao deshmukh scholarship",9900,"₹61.13",1,14
753,"panjabrao deshmukh scholarship last date",2400,"₹0.00",1,14
754,"pcm scholarship",2900,"₹30.57",1,14
755,"post matric scholarship meghalaya",2400,"₹0.00",1,14
756,"samunnathi scholarship",4400,"₹0.00",1,14
757,"sarkari result scholarship",4400,"₹156.88",1,14
758,"sbi foundation scholarship",2900,"₹30.57",1,14
759,"scholarship 4th standard",50,"₹0.00",1,14
760,"scholarship karnataka government",170,"₹0.00",1,14
761,"scholarship name list",170,"₹0.00",1,14
762,"scholarship nsp portal",50,"₹53.94",1,14
763,"swami vivekananda scholarship login",1900,"₹0.00",1,14
764,"up scholarship kab tak aayega 2025",4400,"₹0.00",1,14
765,"faeaindia.org scholarship",1900,"₹72.82",38,13
766,"scholarship exam for class 6",170,"₹23.37",25,13
767,"scholarship available for ug students",140,"₹57.09",24,13
768,"aicte yashasvi scholarship",5400,"₹28.77",2,13
769,"lic hfl vidyadhan scholarship 2025",3600,"₹37.76",2,13
770,"sitaram jindal scholarship",14800,"₹63.83",2,13
771,"als ias scholarship test question paper",5400,"₹0.00",1,13
772,"gujarat digital scholarship",2400,"₹0.00",1,13
773,"hdfc ecss scholarship",2400,"₹8.09",1,13
774,"hdfc scholarship 2025 apply online",1900,"₹96.19",1,13
775,"pms scholarship bihar",5400,"₹97.99",1,13
776,"sbi asha scholarship 2024 apply online",2900,"₹0.00",1,13
777,"scholarship 50000 bihar",30,"₹0.00",1,13
778,"scholarship amount check",140,"₹0.00",1,13
779,"scholarship check status",2400,"₹0.00",1,13
780,"scholarship essay examples",110,"₹0.00",1,13
781,"scholarship helpline number lucknow",260,"₹0.00",1,13
782,"scholarship holder meaning",40,"₹0.00",1,13
783,"scholarship jacket drawing",30,"₹0.00",1,13
784,"scholarship jacket summary",170,"₹0.00",1,13
785,"scholarship karnataka status",10,"₹0.00",1,13
786,"scholarship labour card",90,"₹0.00",1,13
787,"scholarship labour welfare",10,"₹0.00",1,13
788,"scholarship number change",10,"₹0.00",1,13
789,"scholarship otr number",70,"₹0.00",1,13
790,"scholarship portal ssp",20,"₹0.00",1,13
791,"scholarship question answer",70,"₹0.00",1,13
792,"scholarship status ssp",90,"₹0.00",1,13
793,"scholarship undertaking form",170,"₹0.00",1,13
794,"scholarship verification process",20,"₹0.00",1,13
795,"scholarship xiamen university",10,"₹0.00",1,13
796,"up scholarship correction date 2025",2900,"₹0.00",1,13
797,"66 scholarship foundation",10,"₹0.00",1,13
798,"scholarship yojana for 12th pass students",50,"₹30.57",23,12
799,"aikyashree scholarship 2025 last date",2400,"₹0.00",1,12
800,"bihar post matric scholarship 2024 25",5400,"₹0.00",1,12
801,"bihar scholarship portal taja info",5400,"₹0.00",1,12
802,"canara scholarship portal",4400,"₹0.00",1,12
803,"canara scholarship portal login",2900,"₹0.00",1,12
804,"cm scholarship meghalaya",2400,"₹0.00",1,12
805,"graduation scholarship 2025 bihar",5400,"₹76.42",1,12
806,"jagadish chandra bose scholarship",1900,"₹26.07",1,12
807,"karnataka prize money scholarship",2900,"₹0.00",1,12
808,"kotak kanya scholarship 2025",2900,"₹133.95",1,12
809,"medhasoft graduation scholarship 2025",2400,"₹0.00",1,12
810,"nabanna scholarship 2024",3600,"₹25.17",1,12
811,"nabanna scholarship form",2400,"₹26.07",1,12
812,"pm usp scholarship",2400,"₹77.31",1,12
813,"rajarshi shahu maharaj scholarship",5400,"₹76.42",1,12
814,"sanskrit scholarship",2900,"₹53.04",1,12
815,"scholar 0.4 pen",0,"₹0.00",1,12
816,"scholar 0d 0a",0,"₹0.00",1,12
817,"scholarship 0.2 mp",0,"₹0.00",1,12
818,"scholarship 0.2 portal",0,"₹0.00",1,12
819,"scholarship 2025 application",0,"₹0.00",1,12
820,"scholarship 30000 wala",0,"₹0.00",1,12
821,"scholarship 31 october",0,"₹0.00",1,12
822,"scholarship 4 buddy",0,"₹0.00",1,12
823,"scholarship 4th book",0,"₹0.00",1,12
824,"scholarship 6000 rupees",0,"₹0.00",1,12
825,"scholarship 75 attendance",0,"₹0.00",1,12
826,"scholarship 7th book",0,"₹0.00",1,12
827,"scholarship 7th syllabus",0,"₹0.00",1,12
828,"scholarship 8th form",0,"₹0.00",1,12
829,"scholarship 9th ka",0,"₹0.00",1,12
830,"scholarship 9th standard",0,"₹0.00",1,12
831,"scholarship college students",0,"₹0.00",1,12
832,"scholarship degree 2025",0,"₹0.00",1,12
833,"scholarship in 2025",0,"₹0.00",1,12
834,"scholarship jacket picture",0,"₹0.00",1,12
835,"scholarship of 2025",0,"₹0.00",1,12
836,"scholarship xavier college",0,"₹0.00",1,12
837,"scholarship yojana amount",0,"₹0.00",1,12
838,"scholarship yojana form",0,"₹0.00",1,12
839,"scholarship zamboanga city",0,"₹0.00",1,12
840,"scholarship zayed university",0,"₹0.00",1,12
841,"scholarship zp jalgaon",0,"₹0.00",1,12
842,"shiksha portal scholarship",1900,"₹80.91",1,12
843,"snehapoorvam scholarship",4400,"₹50.34",1,12
844,"swami vivekananda scholarship official website",5400,"₹11.69",1,12
845,"swami vivekananda scholarship renewal",2400,"₹11.69",1,12
846,"iccr scholarship",3600,"₹92.60",5,11
847,"infosys scholarship 2025",2400,"₹65.63",2,11
848,"mirae asset scholarship",3600,"₹49.45",2,11
849,"scholarship taja info",3600,"₹37.76",2,11
850,"bihar board 12th pass scholarship 2025",1900,"₹0.00",1,11
851,"bihar graduation scholarship",4400,"₹0.00",1,11
852,"gyan sadhana scholarship",4400,"₹83.61",1,11
853,"gyan sadhana scholarship 2025",5400,"₹0.00",1,11
854,"jindal scholarship 2025 last date",1900,"₹275.09",1,11
855,"kamgar kalyan scholarship",1900,"₹0.00",1,11
856,"kotak kanya scholarship",2900,"₹79.11",1,11
857,"malabar scholarship",4400,"₹94.40",1,11
858,"sarthi scholarship",2400,"₹0.00",1,11
859,"snatak scholarship",4400,"₹32.36",1,11
860,"ssp karnataka gov in scholarship status",2900,"₹0.00",1,11
861,"ssp pre matric scholarship status",2900,"₹0.00",1,11
862,"svmcm scholarship renewal",2400,"₹0.00",1,11
863,"wbmdfc scholarship status check",5400,"₹0.00",1,11
864,"scholarship 8th class book",50,"₹0.00",16,10
865,"scholarship application in karnataka",40,"₹25.17",14,10
866,"aikyashree scholarship amount",2400,"₹0.00",1,10
867,"bandhkam kamgar scholarship",3600,"₹71.92",1,10
868,"bihar graduation scholarship 50000 online apply",3600,"₹20.68",1,10
869,"bihar graduation scholarship 50000 online apply last date",2400,"₹0.00",1,10
870,"graduation scholarship 2024 bihar",2400,"₹0.00",1,10
871,"kamgar yojana scholarship",2900,"₹35.06",1,10
872,"mahajyoti scholarship 2025",2900,"₹0.00",1,10
873,"mbocww scholarship",6600,"₹43.15",1,10
874,"scholarship last date 2024",14800,"₹0.00",1,10
875,"scholarship gov in otr application",40,"₹0.00",11,9
876,"scholarship exam for class 11",720,"₹117.77",64,8
877,"scholarship 8th standard online form",10,"₹0.00",9,8
878,"scholarships for engineering students in karnataka",590,"₹45.85",9,8
879,"scholarship 8th class 2025",50,"₹26.07",8,8
880,"scholarship reliance foundation org undergraduate",70,"₹49.89",7,8
881,"scholarship for ug students in karnataka",140,"₹54.39",6,7
882,"scholarship reliance foundation org 2025",140,"₹25.17",6,7
883,"scholarship gov in application form",30,"₹0.00",4,7
884,"nabanna scholarship 2025",5400,"₹40.46",1,7
885,"sarkari result up scholarship",8100,"₹0.00",1,7
886,"scholarship 9th 10th last date",40,"₹0.00",2,6
887,"scholarship buddy for study",110,"₹0.00",2,6
888,"scholarship office near me",140,"₹0.00",2,6
889,"lic jubilee scholarship 2025 apply",2900,"₹23.82",1,6
890,"scholarship 12th last date",50,"₹0.00",1,6
891,"scholarship 9 10 last date",40,"₹0.00",1,6
892,"scholarship jharkhand last date 2025",20,"₹0.00",1,6
893,"scholarship jih org in",70,"₹60.23",1,6
894,"scholarship kab tak aayega 2024",4400,"₹0.00",1,6
895,"scholarship questions for class 8",50,"₹0.00",1,6
896,"scholarship world.com last date",20,"₹0.00",1,6
897,"tata pankh scholarship",2900,"₹22.48",2,5
898,"scholarship 4th std exam paper",30,"₹0.00",1,5
899,"scholarship 5th class question paper",20,"₹0.00",1,5
900,"scholarship 8 book pdf download",20,"₹0.00",1,5
901,"scholarship 8th class book pdf",110,"₹0.00",1,5
902,"scholarship 8th standard",390,"₹30.57",1,5
903,"scholarship category in nsp pre means",70,"₹0.00",1,5
904,"scholarship category pre means",30,"₹0.00",1,5
905,"scholarship components approved for payment",10,"₹0.00",1,5
906,"scholarship gov in last date 2025",20,"₹0.00",1,5
907,"scholarship graduation 2025 last date",30,"₹0.00",1,5
908,"scholarship how much money",30,"₹0.00",1,5
909,"scholarship in kannada meaning",40,"₹0.00",1,5
910,"scholarship iti last date 2025",170,"₹0.00",1,5
911,"scholarship jacket class 7",10,"₹0.00",1,5
912,"scholarship last date 2023 24",2400,"₹0.00",1,5
913,"scholarship matlab kya hota hai",110,"₹0.00",1,5
914,"scholarship mein kya hota hai",30,"₹0.00",1,5
915,"scholarship mobile number change",20,"₹0.00",1,5
916,"scholarship nsp last date",70,"₹0.00",1,5
917,"scholarship nsp last date 2025",20,"₹0.00",1,5
918,"scholarship on labour card",30,"₹0.00",1,5
919,"scholarship question paper 2024 8th class",50,"₹0.00",1,5
920,"scholarship reliance foundation org application form",20,"₹0.00",1,5
921,"scholarship ssp last date 2025",40,"₹0.00",1,5
922,"scholarship status check karnataka",50,"₹0.00",1,5
923,"scholarship verification last date",50,"₹0.00",1,5
924,"scholarship wala paisa kab aaega",110,"₹0.00",1,5
925,"scholarship worlds.com bonafide certificate",50,"₹0.00",1,5
926,"scholarship yojana kya hai",20,"₹0.00",1,5
927,"60 scholarship check status",30,"₹0.00",1,5
928,"60 scholarship kab aayegi",30,"₹0.00",1,5
929,"66 scholarship foundation apply online",10,"₹0.00",1,5
930,"scholarship 10th class 2025",0,"₹0.00",1,4
931,"scholarship 2025 for college students",0,"₹0.00",1,4
932,"scholarship 4th and 7th",0,"₹0.00",1,4
933,"scholarship 4th class book",0,"₹0.00",1,4
934,"scholarship 4th standard book",0,"₹0.00",1,4
935,"scholarship 4th std marathi pdf download",0,"₹0.00",1,4
936,"scholarship 4th std marathi syllabus",0,"₹0.00",1,4
937,"scholarship 5 to 8",0,"₹0.00",1,4
938,"scholarship 50000 name list",0,"₹0.00",1,4
939,"scholarship 5th standard form",0,"₹0.00",1,4
940,"scholarship 6 to 12",0,"₹0.00",1,4
941,"scholarship 7th class 2025",0,"₹0.00",1,4
942,"scholarship 7th class 2025 book",0,"₹0.00",1,4
943,"scholarship 7th class book",0,"₹0.00",1,4
944,"scholarship 7th class book pdf",0,"₹0.00",1,4
945,"scholarship 7th standard book",0,"₹0.00",1,4
946,"scholarship 8th class 2025 date",0,"₹0.00",1,4
947,"scholarship 8th class 2025 question paper",0,"₹0.00",1,4
948,"scholarship 8th class form",0,"₹0.00",1,4
949,"scholarship 8th result 2025",0,"₹0.00",1,4
950,"scholarship 9 class last date",0,"₹0.00",1,4
951,"scholarship 9 last date",0,"₹0.00",1,4
952,"scholarship 9 to 12",0,"₹0.00",1,4
953,"scholarship 9th class 2025",0,"₹0.00",1,4
954,"scholarship 9th class 2025 apply online",0,"₹0.00",1,4
955,"scholarship 9th class 2025 last date",0,"₹0.00",1,4
956,"scholarship cyber near me",0,"₹0.00",1,4
957,"scholarship exams for college students",0,"₹0.00",1,4
958,"scholarship for college students",0,"₹0.00",1,4
959,"scholarship for engineering students in karnataka 2025",0,"₹0.00",1,4
960,"scholarship last date 2025 karnataka",0,"₹0.00",1,4
961,"scholarship last date 2025 ssp",0,"₹0.00",1,4
962,"scholarship last date in karnataka",0,"₹0.00",1,4
963,"scholarship question paper 2025",0,"₹0.00",1,4
964,"scholarship questions for class 6",0,"₹0.00",1,4
965,"scholarship scheme for college students",0,"₹0.00",1,4
966,"scholarship verification last date 2025",0,"₹0.00",1,4
967,"scholarship xiamen university malaysia",0,"₹0.00",1,4
968,"scholarship yojana 2025 last date",0,"₹0.00",1,4
969,"scholarship yojana for girls",0,"₹0.00",1,4
970,"scholarship yojana last date",0,"₹0.00",1,4
971,"scholarship yojana online portal",0,"₹0.00",1,4
972,"scholarship zeta phi beta",0,"₹0.00",1,4
973,"trti scholarship",2400,"₹89.90",1,4
974,"pm yashasvi scholarship 2024 apply online",1900,"₹166.32",2,2
975,"scholarship video",260,"₹0.90",5,1
976,"bitsat scholarship",2900,"₹62.93",1,0
977,"golden jubilee scholarship lic",2400,"₹0.00",1,0
978,"oasis scholarship last date 2023",1900,"₹0.00",1,0
979,"scholarship bonafide certificate",260,"₹297.57",1,0
980,"tata pankh scholarship 2023",1900,"₹0.00",1,0
