id,slug,title,column,old_value,new_value
"minority-scholarship-pre-matric","minority-scholarship-pre-matric","Minority Scholarship (Pre-Matric)","status","","Active"
"post-matric-scholarship-for-differently-abled","post-matric-scholarship-for-differently-abled","Post-Matric Scholarship for Differently Abled","status","","Active"
"739bf971-d6af-48f9-9d8e-2b618b1ea96d","vanier-canada-graduate-scholarships","Vanier Canada Graduate Scholarships","status","active","Active"
"bd606fc3-1cff-4633-913a-b9a7c4c4efe2","canada-graduate-scholarships-masters-program","Canada Graduate Scholarships – Master’s Program","status","active","Active"
"73a4e267-9175-4a6d-9feb-02d635cf26d4","lester-b-pearson-international-scholarship-program","Lester B. Pearson International Scholarship Program","status","active","Active"
"e772e7d0-49de-43d7-98fb-86b73b14a94a","ubc-international-major-entrance-scholarship","UBC International Major Entrance Scholarship","status","active","Active"
"aa69daec-d7ef-47c2-8f3c-d739b3752fdd","pierre-elliott-trudeau-foundation-doctoral-scholarship","Pierre Elliott Trudeau Foundation Doctoral Scholarship","status","active","Active"
"05fb32af-2307-4add-bd24-b80d9f36a152","daad-research-grants-for-doctoral-candidates","DAAD Research Grants for Doctoral Candidates","status","active","Active"
"ac4e383d-d6d0-4c73-b3ba-67c7f16705a4","international-max-planck-research-school-imprs-phd-fellowship","International Max Planck Research School (IMPRS) PhD Fellowship","status","active","Active"
"9819b41e-ae8e-4c38-96be-e47b3ca57a04","heinrich-bll-foundation-scholarships","Heinrich Böll Foundation Scholarships","status","active","Active"
"d3e453b3-4b4b-439e-8ff2-a12835039ac7","konrad-adenauer-stiftung-scholarships","Konrad-Adenauer-Stiftung Scholarships","status","active","Active"
"6ff80d2e-306c-4ffd-9caa-2ae4f02857f7","esmt-berlin-mba-scholarships","ESMT Berlin MBA Scholarships","status","active","Active"
"f25a74cd-bc15-4cb9-b583-94b5d1e7a6c0","chevening-scholarships","Chevening Scholarships","status","active","Active"
"750fbe3f-0748-4263-be4f-95de0b8f06ec","commonwealth-phd-scholarships","Commonwealth PhD Scholarships","status","active","Active"
"639d78e2-f0c7-461e-af6a-0af6654192a0","clarendon-fund-scholarships","Clarendon Fund Scholarships","status","active","Active"
"397dd9df-c170-40f0-87ab-e5952c6fd189","rhodes-scholarship","Rhodes Scholarship","status","active","Active"
"469e52fc-9db6-4254-b690-9c90be8f6f6d","oxford-pershing-square-graduate-scholarships","Oxford Pershing Square Graduate Scholarships","status","active","Active"
"147eba23-41d1-4bc1-8055-834f1ef84efd","london-business-school-mba-scholarships","London Business School MBA Scholarships","status","active","Active"
"e5b7627e-1b84-4163-b06a-c33d89fa7b0b","fulbright-nehru-doctoral-research-fellowships","Fulbright-Nehru Doctoral Research Fellowships","status","active","Active"
"325d045c-3617-4838-a117-d2ef315536b2","fulbright-nehru-masters-fellowships","Fulbright-Nehru Master's Fellowships","status","active","Active"
"fd4177dc-45cf-4b65-bf5d-fb1c1898f0d6","knight-hennessy-scholars-program","Knight-Hennessy Scholars Program","status","active","Active"
"48d37005-0f65-40eb-a0c2-e7424d79bbbe","harvard-business-school-need-based-fellowships","Harvard Business School Need-Based Fellowships","status","active","Active"
"f7e63d10-2d1b-437f-9bd8-edda7dd140ad","wharton-mba-fellowships","Wharton MBA Fellowships","status","active","Active"
"646472aa-1e16-44ca-a215-d9b4eedb7cca","stanford-gsb-need-based-fellowships","Stanford GSB Need-Based Fellowships","status","active","Active"
"2049c5db-fa97-4bc1-adb7-4bc4916b81a0","hubert-h-humphrey-fellowship-program","Hubert H. Humphrey Fellowship Program","status","active","Active"
"5d0f7e68-2ac6-4a13-a0a5-792a25e66028","erasmus-mundus-joint-masters-scholarships","Erasmus Mundus Joint Masters Scholarships","status","active","Active"
"ab9b06ca-537d-4a67-bc6b-4e03d15cf8c9","marie-skodowska-curie-actions-msca-doctoral-networks","Marie Skłodowska-Curie Actions (MSCA) Doctoral Networks","status","active","Active"
"a3fb8e72-603a-4e9e-b53f-ee039b277a88","eiffel-excellence-scholarship-program","Eiffel Excellence Scholarship Program","status","active","Active"
"dbfff1cd-4752-4e2f-92ed-7b036a45e25d","holland-scholarship","Holland Scholarship","status","active","Active"
"f44ff025-f194-452e-9051-0a2694edf368","australian-government-research-training-program-rtp-scholarships","Australian Government Research Training Program (RTP) Scholarships","status","active","Active"
"ddf28584-2a65-4f13-977a-99fab912175b","australia-awards-scholarships","Australia Awards Scholarships","status","active","Active"
"97fd8fb8-0544-4749-ab54-0e7502818380","destination-australia-scholarship","Destination Australia Scholarship","status","active","Active"
"00268a9b-962d-4404-9183-c969777d2eea","university-of-melbourne-graduate-research-scholarship","University of Melbourne Graduate Research Scholarship","status","active","Active"
"57958681-0df6-4aa7-a6a4-ce3658ce191e","university-of-sydney-international-research-scholarship","University of Sydney International Research Scholarship","status","active","Active"
"9dcc3bf6-5f00-47d7-9bd9-8fbf3c6d0ed9","mext-monbukagakusho-scholarship-for-research-students","MEXT (Monbukagakusho) Scholarship for Research Students","status","active","Active"
"a8d2d6a4-a220-40e6-8b17-60a6b887d06a","singapore-international-graduate-award-singa","Singapore International Graduate Award (SINGA)","status","active","Active"
"8cbeafa3-73f4-42b9-ac12-2046418b452d","yale-university-graduate-fellowships","Yale University Graduate Fellowships","status","active","Active"
"9da5c6ac-7d0b-4d53-8820-aa071faa8844","cornell-university-graduate-fellowships","Cornell University Graduate Fellowships","status","active","Active"
"14baf871-7a2f-40f3-ba84-da8a1c8381ac","columbia-university-graduate-fellowships","Columbia University Graduate Fellowships","status","active","Active"
"1ca0f2a0-4249-4bc2-8bd1-96f47e4de6a3","princeton-university-graduate-fellowships","Princeton University Graduate Fellowships","status","active","Active"
"3ce40275-5566-4374-ac8b-3b8c2f155279","nyu-stern-graduate-fellowships","NYU Stern Graduate Fellowships","status","active","Active"
"dad8d63c-84d7-40ed-aa74-0c1486f6ea92","uc-berkeley-haas-mba-scholarships","UC Berkeley Haas MBA Scholarships","status","active","Active"
"ed5fd60d-adf1-432e-b1f8-01c582b20519","chicago-booth-mba-scholarships","Chicago Booth MBA Scholarships","status","active","Active"
"c1685a7c-b87c-42e4-bd79-38306d68b6eb","northwestern-kellogg-mba-scholarships","Northwestern Kellogg MBA Scholarships","status","active","Active"
"d6990681-3fc4-4b83-8597-60e9ac607ee4","mit-sloan-mba-scholarships","MIT Sloan MBA Scholarships","status","active","Active"
"7f66bc18-d999-4519-99fd-009dadab4d41","dartmouth-tuck-mba-scholarships","Dartmouth Tuck MBA Scholarships","status","active","Active"
"71b921f6-5751-43d7-9f78-57d18202a979","duke-fuqua-mba-scholarships","Duke Fuqua MBA Scholarships","status","active","Active"
"11939955-ba79-4f08-86a5-9cf37c6dbeaa","michigan-ross-mba-scholarships","Michigan Ross MBA Scholarships","status","active","Active"
"1e847dc9-2f0d-4dbc-b14e-70fc804ad21c","aauw-international-fellowships","AAUW International Fellowships","status","active","Active"
"1104db04-a8cf-46fe-8e0a-a971ac42e002","rotary-peace-fellowships","Rotary Peace Fellowships","status","active","Active"
"832852dc-ad2b-4cf1-b3e9-c363f9bd6652","joint-japan-world-bank-graduate-scholarships","Joint Japan World Bank Graduate Scholarships","status","active","Active"
"d8d96965-2fa2-4ca0-90df-f7b7c1f37787","aga-khan-foundation-international-scholarship-programme","Aga Khan Foundation International Scholarship Programme","status","active","Active"
"986b69f9-523c-4b09-aa51-caed65c71bda","cambridge-trust-scholarships","Cambridge Trust Scholarships","status","active","Active"
"652d5e76-608b-4966-a26f-0f5589dc579b","lse-graduate-support-scheme","LSE Graduate Support Scheme","status","active","Active"
"d707054e-2eae-45e0-9f41-1ce432ddaf35","ucl-global-major-scholarships","UCL Global Major Scholarships","status","active","Active"
"e00886d9-176b-4792-a474-9a4b6345732d","imperial-college-presidents-phd-scholarships","Imperial College President's PhD Scholarships","status","active","Active"
"ae7be647-5594-4bbb-ad48-b06ea15b9707","kings-college-london-international-scholarships","King's College London International Scholarships","status","active","Active"
"b9046312-4793-4dfa-846a-8b1f46b78e87","university-of-edinburgh-surgery-online-scholarships","University of Edinburgh Surgery Online Scholarships","status","active","Active"
"17b57a94-c0f3-4a05-8e13-4c02caeb6aeb","university-of-manchester-global-source-scholarships","University of Manchester Global Source Scholarships","status","active","Active"
"9d865caa-9bff-4e1b-bdea-27b58510e78f","warwick-chancellors-international-scholarships","Warwick Chancellor's International Scholarships","status","active","Active"
"50403a02-6836-46d7-b6a3-40e6a2aa327e","bristol-university-think-big-scholarships","Bristol University Think Big Scholarships","status","active","Active"
"05d3d003-ee29-415b-b205-eb90edcc9b83","sheffield-academy-scholarships","Sheffield Academy Scholarships","status","active","Active"
"2ec3cd05-ea7e-49b8-ad64-4fcdce594e98","glasgow-international-leadership-scholarships","Glasgow International Leadership Scholarships","status","active","Active"
"93474508-5365-483f-818c-00ad186cb2b2","commonwealth-masters-scholarships","Commonwealth Masters Scholarships","status","active","Active"
"098bb700-09cf-4b36-8aa8-d907a9085766","commonwealth-shared-scholarships","Commonwealth Shared Scholarships","status","active","Active"
"07eaac42-25a5-4878-bca2-0f4311fcc377","british-council-scholarships-for-women-in-stem","British Council Scholarships for Women in STEM","status","active","Active"
"186a5b09-1ca1-4c04-8f0d-13d8ca125f14","mccall-macbain-scholarships","McCall MacBain Scholarships","status","active","Active"
"b481d4bc-add4-4c2c-8226-59be20d22180","university-of-montreal-exemption-scholarship","University of Montreal Exemption Scholarship","status","active","Active"
"f98dbd6b-169a-4a57-80e6-1687757835a0","york-university-international-student-scholarships","York University International Student Scholarships","status","active","Active"
"9c0d3971-b824-4cea-84ea-9d85babfb227","carleton-university-graduate-scholarships","Carleton University Graduate Scholarships","status","active","Active"
"3b0ef0cb-2dae-45de-b3e6-852180453f1d","western-university-presidents-entrance-scholarships","Western University President's Entrance Scholarships","status","active","Active"
"399369ff-f91a-4c0b-b97b-8ad83ad4b751","queens-university-graduate-fellowships","Queen's University Graduate Fellowships","status","active","Active"
"5d6224ad-0fd5-44f1-9e49-00e1d67adafd","university-of-calgary-graduate-fellowships","University of Calgary Graduate Fellowships","status","active","Active"
"94b5704c-8304-47b1-98e1-145ce9b6d399","dalhousie-university-graduate-fellowships","Dalhousie University Graduate Fellowships","status","active","Active"
"32fe6eb9-4d49-4d24-b55d-c2ca696437df","ontario-graduate-scholarship","Ontario Graduate Scholarship","status","active","Active"
"58829523-c561-4a6b-a3d2-c3aab568c8ab","friedrich-ebert-foundation-scholarships","Friedrich Ebert Foundation Scholarships","status","active","Active"
"073a02fe-1ca8-4d3a-a8e4-0b34b3dd8c8b","rosa-luxemburg-foundation-scholarships","Rosa Luxemburg Foundation Scholarships","status","active","Active"
"8481e96e-581d-401f-b5d8-64885112ea2a","studienstiftung-des-deutschen-volkes-fellowships","Studienstiftung des deutschen Volkes Fellowships","status","active","Active"
"6a7c6ccf-35fe-48c9-8d9a-d2772fe8a275","kaad-scholarships","KAAD Scholarships","status","active","Active"
"3f3a8858-d298-4d34-af89-2091af40afd8","hamburg-university-international-student-scholarships","Hamburg University International Student Scholarships","status","active","Active"
"77a3b065-1eaf-45d8-acef-e176719c75d3","heidelberg-university-graduate-fellowships","Heidelberg University Graduate Fellowships","status","active","Active"
"588dfe58-7c7b-4ef1-a394-6f6a0dd9013a","technical-university-of-munich-scholarships","Technical University of Munich Scholarships","status","active","Active"
"ecf1d3bc-f43d-4cb2-9116-a559ccdf1ed2","humboldt-research-fellowships","Humboldt Research Fellowships","status","active","Active"
"f4e885c0-bec7-4d4d-98a9-f51695282204","unsw-international-scientia-coursework-scholarships","UNSW International Scientia Coursework Scholarships","status","active","Active"
"9a8b8818-d6d7-4c01-b457-ddfc2c11c1d0","anu-chancellors-international-high-achiever-scholarships","ANU Chancellor's International High Achiever Scholarships","status","active","Active"
"1480ed3b-45e4-419e-9890-f3a5cb9c2a87","monash-international-leadership-scholarships","Monash International Leadership Scholarships","status","active","Active"
"1e415cef-570b-4243-9981-6a9288ff642f","adelaide-global-academic-excellence-scholarships","Adelaide Global Academic Excellence Scholarships","status","active","Active"
"18109425-49f6-4316-bed9-c7561549c400","macquarie-university-vice-chancellors-international-scholarships","Macquarie University Vice-Chancellor's International Scholarships","status","active","Active"
"328c03b0-3a1d-4bb8-988b-5dc50f1cf958","uts-vice-chancellors-international-undergraduate-scholarships","UTS Vice-Chancellor's International Undergraduate Scholarships","status","active","Active"
"b9c0e2b0-8510-4c32-8ee2-703b5b51c25f","emile-boutmy-scholarships","Emile Boutmy Scholarships","status","active","Active"
"75ce6c6a-8894-4d10-b806-73235dc14389","amsterdam-merit-scholarships","Amsterdam Merit Scholarships","status","active","Active"
"d7a83496-60bc-4885-8688-73e5acabe742","justus-louise-van-effen-scholarships","Justus & Louise van Effen Scholarships","status","active","Active"
"ae20613b-f02b-43de-8d38-6130fe7cbd99","radboud-scholarship-programme","Radboud Scholarship Programme","status","active","Active"
"c2fe63d9-b7ab-4f15-ba5f-7f8b197943f6","erik-bleumink-fund-scholarships","Erik Bleumink Fund Scholarships","status","active","Active"
"1eda8045-f34d-4c13-8158-3f7cf328cb40","swedish-institute-scholarships-for-global-professionals","Swedish Institute Scholarships for Global Professionals","status","active","Active"
"7b374d43-e45d-4ed2-b5fa-0ee7f5bf04bd","chalmers-ipoet-scholarships","Chalmers IPOET Scholarships","status","active","Active"
"18285346-24ea-4f23-b713-1f7146a1caa7","kth-royal-institute-of-technology-tuition-fee-waivers","KTH Royal Institute of Technology Tuition Fee Waivers","status","active","Active"
"0d59a3f0-2dc1-470f-81f6-3103c1bcffe2","bologna-university-study-grants","Bologna University Study Grants","status","active","Active"
"6c76d84b-8f8e-4536-a620-c6218006b43b","padua-international-excellence-scholarships","Padua International Excellence Scholarships","status","active","Active"
"02367342-459f-4c08-be39-e0b017474dad","eth-zurich-excellence-scholarship","ETH Zurich Excellence Scholarship","status","active","Active"
"c0ad48b4-d212-41a6-98e8-2250c1ce5514","nanyang-scholarship","Nanyang Scholarship","status","active","Active"
"2a6753d8-2463-4efd-a2af-8a3aed6349f7","presidents-graduate-fellowship","President's Graduate Fellowship","status","active","Active"
"20ec0b66-b0ec-47aa-b423-36483b0773c9","lee-kuan-yew-scholarship","Lee Kuan Yew Scholarship","status","active","Active"
"85a2ce62-8a28-4498-ad7b-a4787745c2d0","adb-japan-scholarship-program","ADB-Japan Scholarship Program","status","active","Active"
"ee4d228d-f5fe-495e-9975-647662a97904","honjo-international-scholarship-foundation-scholarships","Honjo International Scholarship Foundation Scholarships","status","active","Active"
"7","pre-matric-scholarship-for-ebc-students-odisha","Pre Matric Scholarship for EBC Students (Odisha)","verified_status","Yes","Verified"
"17","shahid-madho-singh-haath-kharcha-yojana-odisha","Shahid Madho Singh Haath Kharcha Yojana (Odisha)","verified_status","Yes","Verified"
"19","videsh-siksha-bruti-foreign-education-scholarship-odisha","Videsh Siksha Bruti - Foreign Education Scholarship (Odisha)","verified_status","Yes","Verified"
"25","post-matric-scholarship-for-persons-with-disabilities-udid-karnataka","Post-Matric Scholarship for Persons with Disabilities - UDID (Karnataka)","verified_status","Yes","Verified"
"28","sandeepani-shishya-vethana-scholarship-karnataka-state-brahmin-development-board","Sandeepani Shishya Vethana Scholarship (Karnataka State Brahmin Development Board)","verified_status","Yes","Verified"
"30","pre-matric-st-students-karnataka","Pre-Matric ST Students (Karnataka)","verified_status","Yes","Verified"
"32","pre-matric-minorities-karnataka","Pre-Matric Minorities (Karnataka)","verified_status","Yes","Verified"
"33","pre-matric-pwdudid-karnataka","Pre-Matric PWD/UDID (Karnataka)","verified_status","Yes","Verified"
"kc-mahindra-scholarship","kc-mahindra-scholarship-for-post-graduate-studies-abroad","KC Mahindra Scholarship for Post-Graduate Studies Abroad","verified_status","Yes","Verified"
"assam-dhe-combined-merit","assam-dhe-combined-merit-scholarship","Assam DHE Combined Merit Scholarship","verified_status","Yes","Verified"
"uk-uchcha-shiksha-protsahan","uchcha-shiksha-protsahan-chhatravriti-yojana","Uchcha Shiksha Protsahan Chhatravriti Yojana","verified_status","Yes","Verified"
"hp-dr-ambedkar-medhavi","dr-ambedkar-medhavi-chattervriti-yojana","Dr. Ambedkar Medhavi Chattervriti Yojana","verified_status","Yes","Verified"
"jk-sssjkl-scholarship","prime-minister-special-scholarship-scheme-sssjkl","Prime Minister Special Scholarship Scheme (SSSJKL)","verified_status","Yes","Verified"
"ladakh-vidyadhan","vidyadhan-ladakh-scholarship-program","Vidyadhan Ladakh Scholarship Program","verified_status","Yes","Verified"
"ar-dorjee-khandu-merit","dorjee-khandu-merit-scholarship","Dorjee Khandu Merit Scholarship","verified_status","Yes","Verified"
"nagaland-state-merit","nagaland-state-merit-scholarship","Nagaland State Merit Scholarship","verified_status","Yes","Verified"
"manipur-pm-yasasvi-post-matric","pm-yasasvi-post-matric-scholarship-manipur","PM Yasasvi Post-Matric Scholarship (Manipur)","verified_status","Yes","Verified"
"mizoram-post-matric-merit","post-matric-merit-scholarship-pmms-mizoram","Post-Matric Merit Scholarship (PMMS) Mizoram","verified_status","Yes","Verified"
"tripura-sc-post-matric","post-matric-scholarship-for-sc-students-tripura","Post-Matric Scholarship for SC Students (Tripura)","verified_status","Yes","Verified"
"meghalaya-cmss-scholarship","meghalaya-chief-minister-scholarship-scheme-cmss","Meghalaya Chief Minister Scholarship Scheme (CMSS)","verified_status","Yes","Verified"
"sikkim-cm-scholarship","chief-minister-cm-scholarship-sikkim","Chief Minister (CM) Scholarship Sikkim","verified_status","Yes","Verified"
"goa-sohirobanath-bursary","sant-sohirobanath-ambiye-bursary-scheme","Sant Sohirobanath Ambiye Bursary Scheme","verified_status","Yes","Verified"
"puducherry-pkfas-scholarship","perunthalaivar-kamarajar-financial-assistance-scheme-pkfas","Perunthalaivar Kamarajar Financial Assistance Scheme (PKFAS)","verified_status","Yes","Verified"
"chandigarh-sc-post-matric","post-matric-scholarship-for-sc-students-chandigarh","Post-Matric Scholarship for SC Students (Chandigarh)","verified_status","Yes","Verified"
"odisha-sudakshya-girls","sudakshya-scheme-for-girls-itipolyechnic","Sudakshya Scheme for Girls (ITI/Polyechnic)","verified_status","Yes","Verified"
"an-additional-scholarship-st","additional-scholarship-for-st-students-andaman-nicobar","Additional Scholarship for ST Students (Andaman & Nicobar)","verified_status","Yes","Verified"
"lakshadweep-scholarship-scheme","lakshadweep-scholarship-scheme","Lakshadweep Scholarship Scheme","verified_status","Yes","Verified"
"dnh-dd-pm-yasasvi-post-matric","pm-yasasvi-post-matric-scholarship-dnh-dd","PM Yasasvi Post-Matric Scholarship (DNH & DD)","verified_status","Yes","Verified"
"national-overseas-scholarship-sc","national-overseas-scholarship-for-scst-students","National Overseas Scholarship for SC/ST Students","verified_status","Yes","Verified"
"inspire-scholarship-she","inspire-scholarship-for-higher-education-she","INSPIRE Scholarship for Higher Education (SHE)","verified_status","Yes","Verified"
"aicte-saksham-scholarship-pwd","aicte-saksham-scholarship-for-students-with-disabilities","AICTE Saksham Scholarship for Students with Disabilities","verified_status","Yes","Verified"
"aicte-swanath-scholarship","aicte-swanath-scholarship-scheme","AICTE Swanath Scholarship Scheme","verified_status","Yes","Verified"
"pmss-rpf-rpsf","pmss-for-railway-protection-force-rpfrpsf","PMSS for Railway Protection Force (RPF/RPSF)","verified_status","Yes","Verified"
"sn-bose-scholars-program","sn-bose-scholars-program-international-research","S.N. Bose Scholars Program (International Research)","verified_status","Yes","Verified"
"nec-merit-scholarship","nec-merit-scholarship","NEC Merit Scholarship","verified_status","Yes","Verified"
"pre-matric-scholarship-for-students-with-disabilities","pre-matric-scholarship-for-students-with-disabilities","Pre-Matric Scholarship for Students with Disabilities","verified_status","Yes","Verified"
"pm-scholarship-scheme-railways","pm-scholarship-scheme-railways","PM Scholarship Scheme (Railways)","verified_status","Yes","Verified"
"kotak-shiksha-nidhi-scholarship","kotak-shiksha-nidhi-scholarship","Kotak Shiksha Nidhi Scholarship","verified_status","Yes","Verified"
"mahadbt-post-matric-scholarship-maharashtra","mahadbt-post-matric-scholarship-maharashtra","MahaDBT Post-Matric Scholarship (Maharashtra)","verified_status","Yes","Verified"
"lila-poonawalla-foundation-scholarship","lila-poonawalla-foundation-scholarship","Lila Poonawalla Foundation Scholarship","verified_status","Yes","Verified"
"sc_corp_nsf_001","narotam-sekhsaria-postgraduate-scholarship","Narotam Sekhsaria Postgraduate Scholarship 2026","verified_status","TRUE","Verified"
"sc_corp_hul_001","glow-lovely-careers-scholarship-for-women","Glow & Lovely Careers Scholarship for Women 2025-26","verified_status","TRUE","Verified"
"junior-merit-scholarship","junior-merit-scholarship","Junior Merit Scholarship","verified_status","Yes","Verified"
"nabanna-scholarship","legacy-nabanna-scholarship","[LEGACY] Nabanna Scholarship","verified_status","Yes","Verified"
"post-matric-scholarship-to-sbc-students","post-matric-scholarship-to-sbc-students","Post-Matric Scholarship to SBC Students","verified_status","Yes","Verified"
"minority-scholarship-pre-matric","minority-scholarship-pre-matric","Minority Scholarship (Pre-Matric)","verified_status","Yes","Verified"
"central-sector-scholarship-kerala-applicants-via-dce","central-sector-scholarship-kerala-applicants-via-dce","Central Sector Scholarship (Kerala applicants via DCE)","verified_status","Yes","Verified"
"blindph-scholarship","blind-ph-scholarship","Blind/PH Scholarship","verified_status","Yes","Verified"
"minority-welfare-scholarship-pre-matric","minority-welfare-scholarship-pre-matric","Minority Welfare Scholarship (Pre-Matric)","verified_status","Yes","Verified"
"post-matric-scholarship-for-differently-abled","post-matric-scholarship-for-differently-abled","Post-Matric Scholarship for Differently Abled","verified_status","Yes","Verified"
"pragyan-bharati-scheme","pragyan-bharati-scheme","Pragyan Bharati Scheme","verified_status","Yes","Verified"
"uttarakhand-state-merit-scholarship","uttarakhand-state-merit-scholarship","Uttarakhand State Merit Scholarship","verified_status","Yes","Verified"
"irdp-scholarship","irdp-scholarship","IRDP Scholarship","verified_status","Yes","Verified"
"goa-dayanand-social-security-scheme-students","goa-dayanand-social-security-scheme-students","Goa Dayanand Social Security Scheme (Students)","verified_status","Yes","Verified"
"manipur-state-merit-scholarship","manipur-state-merit-scholarship","Manipur State Merit Scholarship","verified_status","Yes","Verified"
"meghalaya-merit-scholarship","meghalaya-merit-scholarship","Meghalaya Merit Scholarship","verified_status","Yes","Verified"
"tripura-state-merit-scholarship","tripura-state-merit-scholarship","Tripura State Merit Scholarship","verified_status","Yes","Verified"
"sikkim-state-merit-scholarship","sikkim-state-merit-scholarship","Sikkim State Merit Scholarship","verified_status","Yes","Verified"
"arunachal-pradesh-state-merit-scholarship","arunachal-pradesh-state-merit-scholarship","Arunachal Pradesh State Merit Scholarship","verified_status","Yes","Verified"
"ladakh-ut-merit-scholarship","ladakh-ut-merit-scholarship","Ladakh UT Merit Scholarship","verified_status","Yes","Verified"
"andaman-nicobar-administration-merit-scholarship","andaman-nicobar-administration-merit-scholarship","Andaman & Nicobar Administration Merit Scholarship","verified_status","Yes","Verified"
"jn-tata-endowment-for-higher-education","jn-tata-endowment-for-higher-education","JN Tata Endowment for Higher Education","verified_status","Yes","Verified"
"inlaks-shivdasani-foundation-scholarship","inlaks-shivdasani-foundation-scholarship","Inlaks Shivdasani Foundation Scholarship","verified_status","Yes","Verified"
"infosys-foundation-fellowship-select-programs","infosys-foundation-fellowship-select-programs","Infosys Foundation Fellowship (select programs)","verified_status","Yes","Verified"
"colgate-keep-india-smiling-scholarship","colgate-keep-india-smiling-scholarship","Colgate Keep India Smiling Scholarship","verified_status","Yes","Verified"
"siemens-scholarship-program","siemens-scholarship-program","Siemens Scholarship Program","verified_status","Yes","Verified"
"mahindra-all-india-talent-scholarship","mahindra-all-india-talent-scholarship","Mahindra All India Talent Scholarship","verified_status","Yes","Verified"
"op-jindal-engineering-management-scholarship","op-jindal-engineering-management-scholarship","OP Jindal Engineering & Management Scholarship","verified_status","Yes","Verified"
"godrej-scholarship-csr-initiatives","godrej-scholarship-csr-initiatives","Godrej Scholarship (CSR Initiatives)","verified_status","Yes","Verified"
"bosch-csr-scholarship","bosch-csr-scholarship","Bosch CSR Scholarship","verified_status","Yes","Verified"
"acc-vidyasaarathi-scholarship","acc-vidyasaarathi-scholarship","ACC Vidyasaarathi Scholarship","verified_status","Yes","Verified"
"teach-for-india-fellowship","teach-for-india-fellowship","Teach For India Fellowship","verified_status","Yes","Verified"
"young-india-fellowship-ashoka-university","young-india-fellowship-ashoka-university","Young India Fellowship (Ashoka University)","verified_status","Yes","Verified"
"acumen-india-fellowship","acumen-india-fellowship","Acumen India Fellowship","verified_status","Yes","Verified"
"lamp-fellowship","lamp-fellowship","LAMP Fellowship","verified_status","Yes","Verified"
"chevening-scholarship-india-uk-govt-partnered","chevening-scholarship-india-uk-govt-partnered","Chevening Scholarship (India – UK Govt Partnered)","verified_status","Yes","Verified"
"rhodes-scholarship-india","rhodes-scholarship-india","Rhodes Scholarship (India)","verified_status","Yes","Verified"
"research-guidance-phd-fellowship-for-backward-classes-karnataka","research-guidance-phd-fellowship-for-backward-classes-karnataka","Research Guidance PhD Fellowship for Backward Classes (Karnataka)","verified_status","Official","Verified"
"mphil-phd-fellowship-for-minority-students-karnataka","mphil-phd-fellowship-for-minority-students-karnataka","MPhil/PhD Fellowship for Minority Students (Karnataka)","verified_status","Official","Verified"
"national-overseas-scholarship-for-minority-communities-karnataka","national-overseas-scholarship-for-minority-communities-karnataka","National Overseas Scholarship for Minority Communities (Karnataka)","verified_status","Official","Verified"
"cm-raitha-vidya-nidhi-farmers-children-scholarship-karnataka","cm-raitha-vidya-nidhi-farmers-children-scholarship-karnataka","CM Raitha Vidya Nidhi - Farmer's Children Scholarship (Karnataka)","verified_status","Official","Verified"
"samagra-shikshana-karnataka-fellowship","samagra-shikshana-karnataka-fellowship","Samagra Shikshana Karnataka Fellowship","verified_status","Official","Verified"
"incentive-for-sslc-2nd-puc-students-minorities-karnataka","incentive-for-sslc-2nd-puc-students-minorities-karnataka","Incentive for SSLC & 2nd PUC Students - Minorities (Karnataka)","verified_status","Official","Verified"
"labour-department-scheme-for-unorganized-workers-children-karnataka","labour-department-scheme-for-unorganized-workers-children-karnataka","Labour Department Scheme for Unorganized Workers' Children (Karnataka)","verified_status","Official","Verified"
"ongc-sports-scholarship-scheme","ongc-sports-scholarship-scheme","ONGC Sports Scholarship Scheme","verified_status","Official","Verified"
"indianoil-sports-scholarship-scheme","indianoil-sports-scholarship-scheme","IndianOil Sports Scholarship Scheme","verified_status","Official","Verified"
"aai-sports-scholarship-scheme","aai-sports-scholarship-scheme","Airports Authority of India (AAI) Sports Scholarship","verified_status","Official","Verified"
"khelo-india-sports-scholarship-scheme","khelo-india-sports-scholarship-scheme","Khelo India Sports Scholarship Scheme","verified_status","Official","Verified"
"target-olympic-podium-scheme","target-olympic-podium-scheme","Target Olympic Podium Scheme (TOPS)","verified_status","Official","Verified"
"sai-sports-scholarship-legacy-scheme","sai-sports-scholarship-legacy-scheme","SAI Sports Scholarship (Legacy Scheme)","verified_status","Official","Verified"
"gail-sports-scholarship-scheme","gail-sports-scholarship-scheme","GAIL Sports Scholarship Scheme","verified_status","Official","Verified"
"delhi-govt-play-and-progress-scheme","delhi-govt-play-and-progress-scheme","Delhi Government Play and Progress Scheme","verified_status","Official","Verified"
"harrison-state-sports-scholarship-scheme","harrison-state-sports-scholarship-scheme","Haryana State Sports Scholarship Scheme","verified_status","Official","Verified"
"chandigarh-sports-department-scholarship","chandigarh-sports-department-scholarship","Chandigarh Sports Department Scholarship","verified_status","Official","Verified"
"bihar-state-sports-authority-scholarship","bihar-state-sports-authority-scholarship","Bihar State Sports Authority (BSSA) Sports Scholarship","verified_status","Official","Verified"
"anjum-chopra-sports-scholarship","anjum-chopra-sports-scholarship","Anjum Chopra Sports Scholarship","verified_status","Official","Verified"
"m3m-foundation-lakshya-scholarship","m3m-foundation-lakshya-scholarship","M3M Foundation Lakshya Scholarship","verified_status","Official","Verified"
"simply-sport-girls-education-scholarship","simply-sport-girls-education-scholarship","Simply Sport Girls Education and Sports Scholarship","verified_status","Official","Verified"
"25","post-matric-scholarship-for-persons-with-disabilities-udid-karnataka","Post-Matric Scholarship for Persons with Disabilities - UDID (Karnataka)","amount_annual","NULL","20000"
"25","post-matric-scholarship-for-persons-with-disabilities-udid-karnataka","Post-Matric Scholarship for Persons with Disabilities - UDID (Karnataka)","amount_min","NULL","2500"
"25","post-matric-scholarship-for-persons-with-disabilities-udid-karnataka","Post-Matric Scholarship for Persons with Disabilities - UDID (Karnataka)","amount_description","","Financial assistance towards tuition fee, maintenance allowance, and special allowances for PwD/UDID card holders under SSP Karnataka. Rates vary by educational level."
"30","pre-matric-st-students-karnataka","Pre-Matric ST Students (Karnataka)","amount_annual","NULL","3000"
"30","pre-matric-st-students-karnataka","Pre-Matric ST Students (Karnataka)","amount_min","NULL","1500"
"30","pre-matric-st-students-karnataka","Pre-Matric ST Students (Karnataka)","amount_description","","Day scholars receive ₹1,500 per year; Hostellers receive ₹3,000 per year."
"32","pre-matric-minorities-karnataka","Pre-Matric Minorities (Karnataka)","amount_annual","NULL","10000"
"32","pre-matric-minorities-karnataka","Pre-Matric Minorities (Karnataka)","amount_min","NULL","1000"
"32","pre-matric-minorities-karnataka","Pre-Matric Minorities (Karnataka)","amount_description","","Class 1-5 receives ₹1,000 per year. Class 6-10 receives up to ₹5,000 per year for day scholars, and up to ₹10,000 per year for hostellers."
"33","pre-matric-pwdudid-karnataka","Pre-Matric PWD/UDID (Karnataka)","amount_annual","NULL","5000"
"33","pre-matric-pwdudid-karnataka","Pre-Matric PWD/UDID (Karnataka)","amount_min","NULL","1000"
"33","pre-matric-pwdudid-karnataka","Pre-Matric PWD/UDID (Karnataka)","amount_description","","Financial assistance of ₹1,000 to ₹5,000 per year for students with disabilities studying in classes 1 to 10."
"central-sector-scholarship-kerala-applicants-via-dce","central-sector-scholarship-kerala-applicants-via-dce","Central Sector Scholarship (Kerala applicants via DCE)","amount_annual","NULL","20000"
"central-sector-scholarship-kerala-applicants-via-dce","central-sector-scholarship-kerala-applicants-via-dce","Central Sector Scholarship (Kerala applicants via DCE)","amount_min","NULL","12000"
"central-sector-scholarship-kerala-applicants-via-dce","central-sector-scholarship-kerala-applicants-via-dce","Central Sector Scholarship (Kerala applicants via DCE)","amount_description","NULL","₹12,000 per annum for undergraduate studies (first three years) and ₹20,000 per annum for postgraduate studies."
"pragyan-bharati-scheme","pragyan-bharati-scheme","Pragyan Bharati Scheme","amount_annual","NULL","2000"
"pragyan-bharati-scheme","pragyan-bharati-scheme","Pragyan Bharati Scheme","amount_min","NULL","0"
"pragyan-bharati-scheme","pragyan-bharati-scheme","Pragyan Bharati Scheme","amount_description","NULL","Textbook grant of ₹2,000 per year, hostel mess subsidy of ₹1,000 per month, and complete admission fee waiver at colleges in Assam."
"irdp-scholarship","irdp-scholarship","IRDP Scholarship","amount_annual","NULL","1200"
"irdp-scholarship","irdp-scholarship","IRDP Scholarship","amount_min","NULL","300"
"irdp-scholarship","irdp-scholarship","IRDP Scholarship","amount_description","NULL","Financial assistance ranges from ₹300 to ₹1,200 per year depending on the gender and course level of the student."
"goa-dayanand-social-security-scheme-students","goa-dayanand-social-security-scheme-students","Goa Dayanand Social Security Scheme (Students)","amount_annual","NULL","24000"
"goa-dayanand-social-security-scheme-students","goa-dayanand-social-security-scheme-students","Goa Dayanand Social Security Scheme (Students)","amount_min","NULL","24000"
"goa-dayanand-social-security-scheme-students","goa-dayanand-social-security-scheme-students","Goa Dayanand Social Security Scheme (Students)","amount_description","NULL","Monthly financial support of ₹2,000 (total ₹24,000 per annum) disbursed directly via DBT."
"meghalaya-merit-scholarship","meghalaya-merit-scholarship","Meghalaya Merit Scholarship","amount_annual","NULL","3600"
"meghalaya-merit-scholarship","meghalaya-merit-scholarship","Meghalaya Merit Scholarship","amount_min","NULL","1200"
"meghalaya-merit-scholarship","meghalaya-merit-scholarship","Meghalaya Merit Scholarship","amount_description","NULL","Scholarship stipend ranges from ₹100 to ₹300 per month (total ₹1,200 to ₹3,600 per year) depending on the stage of education."
"tripura-state-merit-scholarship","tripura-state-merit-scholarship","Tripura State Merit Scholarship","amount_annual","NULL","6000"
"tripura-state-merit-scholarship","tripura-state-merit-scholarship","Tripura State Merit Scholarship","amount_min","NULL","1200"
"tripura-state-merit-scholarship","tripura-state-merit-scholarship","Tripura State Merit Scholarship","amount_description","NULL","Financial assistance ranges from ₹100 to ₹500 per month (total ₹1,200 to ₹6,000 per year) based on merit ranking and course stage."
"sikkim-state-merit-scholarship","sikkim-state-merit-scholarship","Sikkim State Merit Scholarship","amount_annual","NULL","5000"
"sikkim-state-merit-scholarship","sikkim-state-merit-scholarship","Sikkim State Merit Scholarship","amount_min","NULL","3000"
"sikkim-state-merit-scholarship","sikkim-state-merit-scholarship","Sikkim State Merit Scholarship","amount_description","NULL","Merit scholarship assistance of ₹3,000 to ₹5,000 per year for students pursuing higher education."
"arunachal-pradesh-state-merit-scholarship","arunachal-pradesh-state-merit-scholarship","Arunachal Pradesh State Merit Scholarship","amount_annual","NULL","6000"
"arunachal-pradesh-state-merit-scholarship","arunachal-pradesh-state-merit-scholarship","Arunachal Pradesh State Merit Scholarship","amount_min","NULL","3000"
"arunachal-pradesh-state-merit-scholarship","arunachal-pradesh-state-merit-scholarship","Arunachal Pradesh State Merit Scholarship","amount_description","NULL","Merit stipend of up to ₹6,000 per year depending on the course stream and category of study."
"ladakh-ut-merit-scholarship","ladakh-ut-merit-scholarship","Ladakh UT Merit Scholarship","amount_annual","NULL","10000"
"ladakh-ut-merit-scholarship","ladakh-ut-merit-scholarship","Ladakh UT Merit Scholarship","amount_min","NULL","5000"
"ladakh-ut-merit-scholarship","ladakh-ut-merit-scholarship","Ladakh UT Merit Scholarship","amount_description","NULL","Financial grant of up to ₹10,000 per year depending on course level and category."
"andaman-nicobar-administration-merit-scholarship","andaman-nicobar-administration-merit-scholarship","Andaman & Nicobar Administration Merit Scholarship","amount_annual","NULL","12000"
"andaman-nicobar-administration-merit-scholarship","andaman-nicobar-administration-merit-scholarship","Andaman & Nicobar Administration Merit Scholarship","amount_min","NULL","5000"
"andaman-nicobar-administration-merit-scholarship","andaman-nicobar-administration-merit-scholarship","Andaman & Nicobar Administration Merit Scholarship","amount_description","NULL","Merit scholarship assistance ranging from ₹5,000 to ₹12,000 per year for resident students of Andaman and Nicobar Islands."
"infosys-foundation-fellowship-select-programs","infosys-foundation-fellowship-select-programs","Infosys Foundation Fellowship (select programs)","amount_annual","NULL","420000"
"infosys-foundation-fellowship-select-programs","infosys-foundation-fellowship-select-programs","Infosys Foundation Fellowship (select programs)","amount_min","NULL","300000"
"infosys-foundation-fellowship-select-programs","infosys-foundation-fellowship-select-programs","Infosys Foundation Fellowship (select programs)","amount_description","NULL","Stipend of ₹25,000 to ₹35,000 per month (total ₹3.0 Lakh to ₹4.2 Lakh per year) for selected PhD scholars and researchers."
"siemens-scholarship-program","siemens-scholarship-program","Siemens Scholarship Program","amount_annual","NULL","120000"
"siemens-scholarship-program","siemens-scholarship-program","Siemens Scholarship Program","amount_min","NULL","20000"
"siemens-scholarship-program","siemens-scholarship-program","Siemens Scholarship Program","amount_description","NULL","Reimbursement of tuition fees (up to ₹1 Lakh per year) plus an additional allowance of ₹20,000 per year for books, stationery, and hostel/living expenses."
"godrej-scholarship-csr-initiatives","godrej-scholarship-csr-initiatives","Godrej Scholarship (CSR Initiatives)","amount_annual","NULL","50000"
"godrej-scholarship-csr-initiatives","godrej-scholarship-csr-initiatives","Godrej Scholarship (CSR Initiatives)","amount_min","NULL","10000"
"godrej-scholarship-csr-initiatives","godrej-scholarship-csr-initiatives","Godrej Scholarship (CSR Initiatives)","amount_description","NULL","Financial assistance of ₹10,000 to ₹50,000 per year targeting students from underprivileged families."
"bosch-csr-scholarship","bosch-csr-scholarship","Bosch CSR Scholarship","amount_annual","NULL","40000"
"bosch-csr-scholarship","bosch-csr-scholarship","Bosch CSR Scholarship","amount_min","NULL","10000"
"bosch-csr-scholarship","bosch-csr-scholarship","Bosch CSR Scholarship","amount_description","NULL","Financial aid ranging from ₹10,000 to ₹40,000 per year for ITI, diploma, and undergraduate engineering students."
"acumen-india-fellowship","acumen-india-fellowship","Acumen India Fellowship","amount_annual","NULL","0"
"acumen-india-fellowship","acumen-india-fellowship","Acumen India Fellowship","amount_min","NULL","0"
"acumen-india-fellowship","acumen-india-fellowship","Acumen India Fellowship","amount_description","NULL","Fully funded fellowship covering all seminar fees, lodging, meals, and programmatic travel. No direct cash stipends are paid to fellows."
"trti-maharashtra-2026","trti-scholarship-maharashtra-st","TRTI Scholarship 2026 (Maharashtra ST)","deadline","Varies by scheme",""
"sc_corp_jindal_001","sitaram-jindal-foundation-scholarship","Sitaram Jindal Foundation Scholarship 2026","deadline","Typically September-October",""
"sc_corp_infosys_001","infosys-foundation-stem-stars-scholarship-program","Infosys Foundation STEM Stars Scholarship Program 2026","deadline","Typically announced annually",""
"13","green-passage-scheme-higher-education-odisha","Green Passage Scheme - Higher Education (Odisha)","deadline","Check Portal",""
"14","green-passage-scheme-technical-education-odisha","Green Passage Scheme - Technical Education (Odisha)","deadline","Check Portal",""
"16","gopabandhu-sikhya-sahayata-yojana-odisha","Gopabandhu Sikhya Sahayata Yojana (Odisha)","always_open","0","1"
"16","gopabandhu-sikhya-sahayata-yojana-odisha","Gopabandhu Sikhya Sahayata Yojana (Odisha)","deadline_description","","This is a rolling scholarship. Applications are accepted on a continuous/year-round basis."
"16","gopabandhu-sikhya-sahayata-yojana-odisha","Gopabandhu Sikhya Sahayata Yojana (Odisha)","deadline","Open Now",""
"19","videsh-siksha-bruti-foreign-education-scholarship-odisha","Videsh Siksha Bruti - Foreign Education Scholarship (Odisha)","always_open","0","1"
"19","videsh-siksha-bruti-foreign-education-scholarship-odisha","Videsh Siksha Bruti - Foreign Education Scholarship (Odisha)","deadline_description","","This is a rolling scholarship. Applications are accepted on a continuous/year-round basis."
"19","videsh-siksha-bruti-foreign-education-scholarship-odisha","Videsh Siksha Bruti - Foreign Education Scholarship (Odisha)","deadline","Open Now",""
"junior-merit-scholarship","junior-merit-scholarship","Junior Merit Scholarship","deadline","Not specified",""
"post-matric-scholarship-to-sbc-students","post-matric-scholarship-to-sbc-students","Post-Matric Scholarship to SBC Students","deadline","Not specified",""
"central-sector-scholarship-kerala-applicants-via-dce","central-sector-scholarship-kerala-applicants-via-dce","Central Sector Scholarship (Kerala applicants via DCE)","deadline","Not specified",""
"blindph-scholarship","blind-ph-scholarship","Blind/PH Scholarship","deadline","Not specified",""
"minority-welfare-scholarship-pre-matric","minority-welfare-scholarship-pre-matric","Minority Welfare Scholarship (Pre-Matric)","deadline","Not specified",""
"pragyan-bharati-scheme","pragyan-bharati-scheme","Pragyan Bharati Scheme","deadline","Not specified",""
"uttarakhand-state-merit-scholarship","uttarakhand-state-merit-scholarship","Uttarakhand State Merit Scholarship","deadline","Not specified",""
"irdp-scholarship","irdp-scholarship","IRDP Scholarship","deadline","Not specified",""
"goa-dayanand-social-security-scheme-students","goa-dayanand-social-security-scheme-students","Goa Dayanand Social Security Scheme (Students)","deadline","Not specified",""
"manipur-state-merit-scholarship","manipur-state-merit-scholarship","Manipur State Merit Scholarship","deadline","Not specified",""
"meghalaya-merit-scholarship","meghalaya-merit-scholarship","Meghalaya Merit Scholarship","deadline","Not specified",""
"tripura-state-merit-scholarship","tripura-state-merit-scholarship","Tripura State Merit Scholarship","deadline","Not specified",""
"sikkim-state-merit-scholarship","sikkim-state-merit-scholarship","Sikkim State Merit Scholarship","deadline","Not specified",""
"arunachal-pradesh-state-merit-scholarship","arunachal-pradesh-state-merit-scholarship","Arunachal Pradesh State Merit Scholarship","deadline","Not specified",""
"ladakh-ut-merit-scholarship","ladakh-ut-merit-scholarship","Ladakh UT Merit Scholarship","deadline","Not specified",""
"andaman-nicobar-administration-merit-scholarship","andaman-nicobar-administration-merit-scholarship","Andaman & Nicobar Administration Merit Scholarship","deadline","Not specified",""
"infosys-foundation-fellowship-select-programs","infosys-foundation-fellowship-select-programs","Infosys Foundation Fellowship (select programs)","deadline","Not specified",""
"colgate-keep-india-smiling-scholarship","colgate-keep-india-smiling-scholarship","Colgate Keep India Smiling Scholarship","deadline","Not specified",""
"siemens-scholarship-program","siemens-scholarship-program","Siemens Scholarship Program","deadline","Not specified",""
"mahindra-all-india-talent-scholarship","mahindra-all-india-talent-scholarship","Mahindra All India Talent Scholarship","deadline","Not specified",""
"op-jindal-engineering-management-scholarship","op-jindal-engineering-management-scholarship","OP Jindal Engineering & Management Scholarship","deadline","Not specified",""
"godrej-scholarship-csr-initiatives","godrej-scholarship-csr-initiatives","Godrej Scholarship (CSR Initiatives)","deadline","Not specified",""
"bosch-csr-scholarship","bosch-csr-scholarship","Bosch CSR Scholarship","deadline","Not specified",""
"acc-vidyasaarathi-scholarship","acc-vidyasaarathi-scholarship","ACC Vidyasaarathi Scholarship","deadline","Not specified",""
"teach-for-india-fellowship","teach-for-india-fellowship","Teach For India Fellowship","deadline","Not specified",""
"young-india-fellowship-ashoka-university","young-india-fellowship-ashoka-university","Young India Fellowship (Ashoka University)","deadline","Open Now",""
"acumen-india-fellowship","acumen-india-fellowship","Acumen India Fellowship","deadline","Not specified",""
"lamp-fellowship","lamp-fellowship","LAMP Fellowship","deadline","Not specified",""
"up-pre-matric-scholarship-general-sc-st","up-pre-matric-scholarship-general-sc-st","UP Pre-Matric Scholarship (General/SC/ST)","deadline","Open Now",""
"up-pre-matric-scholarship-obc","up-pre-matric-scholarship-obc","UP Pre-Matric Scholarship (OBC)","deadline","Open Now",""
"up-pre-matric-scholarship-minority","up-pre-matric-scholarship-minority","UP Pre-Matric Scholarship (Minority)","deadline","Open Now",""
"up-post-matric-intermediate-scholarship-general-sc-st","up-post-matric-intermediate-scholarship-general-sc-st","UP Post-Matric Intermediate Scholarship (General/SC/ST)","deadline","Open Now",""
"up-post-matric-intermediate-scholarship-obc","up-post-matric-intermediate-scholarship-obc","UP Post-Matric Intermediate Scholarship (OBC)","deadline","Open Now",""
"up-post-matric-intermediate-scholarship-minority","up-post-matric-intermediate-scholarship-minority","UP Post-Matric Intermediate Scholarship (Minority)","deadline","Open Now",""
"up-post-matric-other-than-intermediate-general-sc-st","up-post-matric-other-than-intermediate-general-sc-st","UP Post-Matric Scholarship (Other Than Intermediate) (General/SC/ST)","deadline","Open Now",""
"up-post-matric-other-than-intermediate-obc","up-post-matric-other-than-intermediate-obc","UP Post-Matric Scholarship (Other Than Intermediate) (OBC)","deadline","Open Now",""
"up-post-matric-other-than-intermediate-minority","up-post-matric-other-than-intermediate-minority","UP Post-Matric Scholarship (Other Than Intermediate) (Minority)","deadline","Open Now",""
"up-post-matric-outside-state-general-sc-st","up-post-matric-outside-state-general-sc-st","UP Post-Matric Scholarship (Outside State) (General/SC/ST)","deadline","Open Now",""
"up-mukhyamantri-kanya-sumangala","mukhyamantri-kanya-sumangala-yojana","Mukhyamantri Kanya Sumangala Yojana","always_open","0","1"
"up-mukhyamantri-kanya-sumangala","mukhyamantri-kanya-sumangala-yojana","Mukhyamantri Kanya Sumangala Yojana","deadline_description","Applications for each stage must be filed within the specified timeframe from the date of meeting the stage milestone (e.g. within 1 year of birth).","This is a rolling scholarship. Applications are accepted on a continuous/year-round basis."
"up-mukhyamantri-kanya-sumangala","mukhyamantri-kanya-sumangala-yojana","Mukhyamantri Kanya Sumangala Yojana","deadline","Open Now",""
"bits-pilani-tuition-blind-admission-scholarship","bits-pilani-tuition-blind-admission-scholarship","BITS Pilani Tuition-Blind Admission Scholarship","deadline","Open Now",""
"bits-pilani-institute-merit-mcn-awards","bits-pilani-institute-merit-mcn-awards","BITS Pilani Institute Merit & Merit-cum-Need (MCN) Awards","deadline","Open Now",""
"bits-pilani-board-topper-alumni-scholarships","bits-pilani-board-topper-alumni-scholarships","BITS Pilani Board Topper & Alumni Endowed Scholarships","deadline","Open Now",""
"iit-bombay-merit-cum-means-scholarship","iit-bombay-merit-cum-means-scholarship","IIT Bombay Merit-cum-Means Scholarship","deadline","Open Now",""
"iit-bombay-free-messing-facility","iit-bombay-free-messing-facility","IIT Bombay Free Messing Facility (SC/ST)","deadline","Open Now",""
"iit-bombay-tuition-fee-remission","iit-bombay-tuition-fee-remission","IIT Bombay Tuition Fee Remission","deadline","Open Now",""
"iit-delhi-merit-cum-means-scholarship","iit-delhi-merit-cum-means-scholarship","IIT Delhi Merit-cum-Means Scholarship","deadline","Open Now",""
"iit-delhi-free-studentship-fee-remission","iit-delhi-free-studentship-fee-remission","IIT Delhi Free Studentship & Fee Remission","deadline","Open Now",""
"iit-delhi-donor-endowed-scholarships","iit-delhi-donor-endowed-scholarships","IIT Delhi Alumni and Donor Endowed Scholarships","deadline","Open Now",""
"iit-madras-merit-cum-means-alumni-tuition-support","iit-madras-merit-cum-means-alumni-tuition-support","IIT Madras Merit-cum-Means & Alumni Tuition Support","deadline","Open Now",""
"iit-madras-institute-tuition-fee-waiver","iit-madras-institute-tuition-fee-waiver","IIT Madras Institute Tuition Fee Waiver","deadline","Open Now",""
"iit-kharagpur-merit-cum-means-scholarship","iit-kharagpur-merit-cum-means-scholarship","IIT Kharagpur Merit-cum-Means Scholarship","deadline","Open Now",""
"iit-kharagpur-endowment-donor-scholarships","iit-kharagpur-endowment-donor-scholarships","IIT Kharagpur Endowment & Donor Scholarships","deadline","Open Now",""
"iit-kharagpur-free-studentship-fee-remission","iit-kharagpur-free-studentship-fee-remission","IIT Kharagpur Free Studentship and GoI Fee Remission","deadline","Open Now",""
"nit-trichy-tuition-fee-remission","nit-trichy-tuition-fee-remission","NIT Trichy Tuition Fee Remission","deadline","Open Now",""
"nit-trichy-recal-foundation-scholarships","nit-trichy-recal-foundation-scholarships","NIT Trichy RECAL Foundation Scholarships","deadline","Open Now",""
"nit-surathkal-merit-cum-means-scholarships","nit-surathkal-merit-cum-means-scholarships","NITK Surathkal Merit-cum-Means & Merit Scholarships","deadline","Open Now",""
"nit-surathkal-tuition-fee-remission","nit-surathkal-tuition-fee-remission","NITK Surathkal Tuition Fee Remission","deadline","Open Now",""
"nit-surathkal-garrett-memorial-scholarships","nit-surathkal-garrett-memorial-scholarships","NITK Garrett and Memorial Scholarships","deadline","Open Now",""
"du-all-india-post-graduate-scholarship","du-all-india-post-graduate-scholarship","Delhi University All India Post-Graduate Scholarship","deadline","Open Now",""
"du-shri-ram-lubhaya-book-grant","du-shri-ram-lubhaya-book-grant","Delhi University Shri Ram Lubhaya Book-Grant for Blind Students","deadline","Check Portal",""
"jnu-merit-cum-means-scholarship","jnu-merit-cum-means-scholarship","Jawaharlal Nehru University Merit-cum-Means (MCM) Scholarship","deadline","Open Now",""
"bhu-poor-students-welfare-fund","bhu-poor-students-welfare-fund","BHU Student Welfare Fund & Meal Subsidy Scheme","deadline","Open Now",""
"amu-merit-financial-awards","amu-merit-financial-awards","Aligarh Muslim University Merit & Alumni Financial Awards","deadline","Open Now",""
"jmi-apj-abdul-kalam-scholarship","jmi-apj-abdul-kalam-scholarship","JMI Dr. A.P.J. Abdul Kalam Scholarship","deadline","Open Now",""
"uoh-student-assistance-aid","uoh-student-assistance-aid","University of Hyderabad Student Assistance (UoH-SA) Scheme","deadline","Open Now",""
"anna-university-endowment-scholarships","anna-university-endowment-scholarships","Anna University Alumni & Corporate Endowment Scholarships","deadline","Open Now",""
"vtu-jnana-yaana-doctoral-fellowship","vtu-jnana-yaana-doctoral-fellowship","VTU Jnana Yaana Doctoral Fellowship (JYDF)","deadline","Open Now",""
"sppu-earn-and-learn-scheme","sppu-earn-and-learn-scheme","SPPU Karmaveer Bhaurao Patil Earn & Learn Scheme","deadline","Open Now",""
"aktu-student-welfare-fund-assistance","aktu-student-welfare-fund-assistance","AKTU Student Welfare Fund & Fee Reimbursement Scheme","deadline","Open Now",""
"ashoka-university-need-based-financial-aid","ashoka-university-need-based-financial-aid","Ashoka University Need-Based Financial Aid","deadline","Open Now",""
"ashoka-university-merit-scholarships","ashoka-university-merit-scholarships","Ashoka University Merit-Based Test Topper Scholarships","deadline","Open Now",""
"vit-stars-rural-students-scheme","vit-stars-rural-students-scheme","VIT STARS - Support the Advancement of Rural Students Scheme","deadline","Open Now",""
"viteee-gvsdp-merit-scholarship","viteee-gvsdp-merit-scholarship","VIT B.Tech GV School Development Programme (GVSDP) Merit Scholarship","deadline","Open Now",""
"mahe-kalam-pai-freeship-scholarships","mahe-kalam-pai-freeship-scholarships","MAHE Kalam-Pai Freeship & Scholars Scholarships","deadline","Open Now",""
"vtu-sc-st-welfare-scheme","vtu-sc-st-welfare-scheme","VTU SC/ST Welfare Scheme (SCSP/TSP)","deadline","Open Now",""
"uoh-fifth-year-phd-assistance","uoh-fifth-year-phd-assistance","University of Hyderabad 5th Year PhD Financial Assistance","deadline","Open Now",""
"anna-university-first-graduate-concession","anna-university-first-graduate-concession","Tamil Nadu First Graduate Concession (Anna University)","deadline","During Admission",""
"umbrella-st-jk","umbrella-st-jk","Umbrella Scheme for Education of ST Students (J&K)","deadline","Check Portal",""
"pm-yasasvi-jk-obc","pm-yasasvi-jk-obc","PM-YASASVI Pre-Matric & Post-Matric Scholarship for OBC/EBC/DNT Students (J&K)","deadline","Check Portal",""
"sc-scholarship-jk","sc-scholarship-jk","Pre-Matric & Post-Matric Scholarship for SC Students (J&K)","deadline","Check Portal",""
"ladli-beti-jk","ladli-beti-jk","Ladli Beti Scheme (J&K)","deadline","Open Now",""
"mukhya-mantri-protsahan-hp","mukhya-mantri-protsahan-hp","Mukhya Mantri Protsahan Yojana (HP)","deadline","Check Portal",""
"generation-google-scholarship","generation-google-scholarship","Generation Google Scholarship (APAC-India)","deadline","Check Portal",""
"amazon-future-engineer-scholarship","amazon-future-engineer-scholarship","Amazon Future Engineer Scholarship (India)","deadline","Check Portal",""
"jsw-udaan-scholarship","jsw-udaan-scholarship","JSW Udaan Scholarship","deadline","Check Portal",""
"pm-yasasvi-top-class-education","pm-yasasvi-top-class-education","PM-YASASVI Top Class Education Scheme for OBC/EBC/DNT","deadline","Check Portal",""
"central-sector-scholarship-csss","central-sector-scholarship-csss","Central Sector Scheme of Scholarship for College and University Students (CSSS)","deadline","Check Portal",""
"pmss-capf-assam-rifles","pmss-capf-assam-rifles","Prime Minister's Scholarship Scheme for Central Armed Police Forces & Assam Rifles","deadline","Check Portal",""
"inlaks-shivdasani-scholarship","inlaks-shivdasani-scholarship","Inlaks Shivdasani Foundation Scholarship","deadline","Check Portal",""
"felix-scholarship","felix-scholarship","Felix Scholarship","deadline","Check Portal",""
"nl-scholarship-netherlands","nl-scholarship-netherlands","NL Scholarship (Netherlands)","deadline","Check Portal",""
"charpak-scholarship-france","charpak-scholarship-france","France Excellence Charpak Scholarship","deadline","Check Portal",""
"jn-tata-endowment-scholarship","jn-tata-endowment-scholarship","J. N. Tata Endowment Loan Scholarship","deadline","Check Portal",""
"469e52fc-9db6-4254-b690-9c90be8f6f6d","oxford-pershing-square-graduate-scholarships","Oxford Pershing Square Graduate Scholarships","deadline","NULL",""
"dbfff1cd-4752-4e2f-92ed-7b036a45e25d","holland-scholarship","Holland Scholarship","deadline","NULL",""
"97fd8fb8-0544-4749-ab54-0e7502818380","destination-australia-scholarship","Destination Australia Scholarship","deadline","NULL",""
"14baf871-7a2f-40f3-ba84-da8a1c8381ac","columbia-university-graduate-fellowships","Columbia University Graduate Fellowships","deadline","NULL",""
"d8d96965-2fa2-4ca0-90df-f7b7c1f37787","aga-khan-foundation-international-scholarship-programme","Aga Khan Foundation International Scholarship Programme","deadline","NULL",""
"652d5e76-608b-4966-a26f-0f5589dc579b","lse-graduate-support-scheme","LSE Graduate Support Scheme","deadline","NULL",""
"e00886d9-176b-4792-a474-9a4b6345732d","imperial-college-presidents-phd-scholarships","Imperial College President's PhD Scholarships","deadline","NULL",""
"50403a02-6836-46d7-b6a3-40e6a2aa327e","bristol-university-think-big-scholarships","Bristol University Think Big Scholarships","deadline","NULL",""
"05d3d003-ee29-415b-b205-eb90edcc9b83","sheffield-academy-scholarships","Sheffield Academy Scholarships","deadline","NULL",""
"098bb700-09cf-4b36-8aa8-d907a9085766","commonwealth-shared-scholarships","Commonwealth Shared Scholarships","deadline","NULL",""
"07eaac42-25a5-4878-bca2-0f4311fcc377","british-council-scholarships-for-women-in-stem","British Council Scholarships for Women in STEM","deadline","NULL",""
"8481e96e-581d-401f-b5d8-64885112ea2a","studienstiftung-des-deutschen-volkes-fellowships","Studienstiftung des deutschen Volkes Fellowships","deadline","NULL",""
"77a3b065-1eaf-45d8-acef-e176719c75d3","heidelberg-university-graduate-fellowships","Heidelberg University Graduate Fellowships","deadline","NULL",""
"588dfe58-7c7b-4ef1-a394-6f6a0dd9013a","technical-university-of-munich-scholarships","Technical University of Munich Scholarships","deadline","NULL",""
"ecf1d3bc-f43d-4cb2-9116-a559ccdf1ed2","humboldt-research-fellowships","Humboldt Research Fellowships","deadline","NULL",""
"18109425-49f6-4316-bed9-c7561549c400","macquarie-university-vice-chancellors-international-scholarships","Macquarie University Vice-Chancellor's International Scholarships","deadline","NULL",""
"0d59a3f0-2dc1-470f-81f6-3103c1bcffe2","bologna-university-study-grants","Bologna University Study Grants","deadline","NULL",""
"20ec0b66-b0ec-47aa-b423-36483b0773c9","lee-kuan-yew-scholarship","Lee Kuan Yew Scholarship","deadline","NULL",""
